[
{
    "model": "auth.user",
    "fields": {
        "password": "pbkdf2_sha256$1000000$hwozL6HKbEgBpfic3U5QYt$X2EQhYAm2ROZQGgvkgiHolOIKocWQpGBRZu9oK2VbXc=",
        "last_login": "2026-05-14T13:37:05.104Z",
        "is_superuser": true,
        "username": "hasanali",
        "first_name": "",
        "last_name": "",
        "email": "Turdaliyevhasanali60@gmail.com",
        "is_staff": true,
        "is_active": true,
        "date_joined": "2026-05-14T13:36:32.311Z",
        "groups": [],
        "user_permissions": []
    }
},
{
    "model": "auth.user",
    "fields": {
        "password": "pbkdf2_sha256$1000000$MNhWdfzaaz8VDxilHnf3Dj$t2JSGyrSt4tox1Rfi3IvK4oLZVuszO2nWuScME8xbIY=",
        "last_login": null,
        "is_superuser": true,
        "username": "asadbek",
        "first_name": "",
        "last_name": "",
        "email": "turdaliyevhasanali09@gmail.com",
        "is_staff": true,
        "is_active": true,
        "date_joined": "2026-05-21T04:58:23.471Z",
        "groups": [],
        "user_permissions": []
    }
},
{
    "model": "auth.user",
    "fields": {
        "password": "pbkdf2_sha256$1000000$QCdQwjDFVUpI4npHRi25nA$KMuTsZoWMvKkNU81jco59+qOcS0+ZmR2fgF/Tnf23Ho=",
        "last_login": null,
        "is_superuser": true,
        "username": "ali",
        "first_name": "",
        "last_name": "",
        "email": "ali@gmail.com",
        "is_staff": true,
        "is_active": true,
        "date_joined": "2026-05-21T05:03:38.701Z",
        "groups": [],
        "user_permissions": []
    }
},
{
    "model": "auth.user",
    "fields": {
        "password": "pbkdf2_sha256$1000000$YMOljXO03FrnTP3iZFaSzv$Uaw7bD3HTKU5LjrPK1XUrLAZy/zAfWRBCUT5lCaNsBs=",
        "last_login": null,
        "is_superuser": true,
        "username": "admin",
        "first_name": "",
        "last_name": "",
        "email": "turdaliyevhasanali60@gmail.com",
        "is_staff": true,
        "is_active": true,
        "date_joined": "2026-05-21T08:51:39.864Z",
        "groups": [],
        "user_permissions": []
    }
},
{
    "model": "sessions.session",
    "pk": "9dwxccjqjk22rh3rhdwvwfmxqmvafb1k",
    "fields": {
        "session_data": ".eJxVjDsOwjAQBe_iGln-fyjpOYO19m5wANlSnFSIu0OkFNC-mXkvlmBba9oGLWlGdmaKnX63DOVBbQd4h3brvPS2LnPmu8IPOvi1Iz0vh_t3UGHUbx1Iy6CMJJEVBh3RZRciSWGNAz8hCO2tCJQzOusUFiChlI_e4-SjNez9Acu5N1M:1wNWFN:pmLM27wksswKZXds-1sKHScPcpTT2T0pxE0VwPQo17c",
        "expire_date": "2026-05-28T13:37:05.105Z"
    }
},
{
    "model": "core.sitesettings",
    "pk": 1,
    "fields": {
        "company_name": "Nestway",
        "tagline": "Test Caching Tagline",
        "phone": "(215) 770-2630",
        "email": "contact@nestway.net",
        "address": "United States (OTR & Regional)"
    }
},
{
    "model": "core.service",
    "pk": 5,
    "fields": {
        "title": "Dispatching Services",
        "slug": "dispatching-services",
        "description": "Smart load matching with minimal deadhead miles.",
        "image": "services/ChatGPT_Image_May_20_2026_at_05_14_15_PM.png",
        "order": 1,
        "is_active": true
    }
},
{
    "model": "core.service",
    "pk": 6,
    "fields": {
        "title": "Accounting Services",
        "slug": "accounting-services",
        "description": "Specialized trucking accounting to maximize tax benefits.",
        "image": "services/ChatGPT_Image_May_20_2026_at_05_15_06_PM.png",
        "order": 2,
        "is_active": true
    }
},
{
    "model": "core.service",
    "pk": 7,
    "fields": {
        "title": "Safety services",
        "slug": "safety-services",
        "description": "Regulatory guidance to keep your operation protected",
        "image": "services/ChatGPT_Image_May_20_2026_at_05_15_35_PM.png",
        "order": 3,
        "is_active": true
    }
},
{
    "model": "core.service",
    "pk": 8,
    "fields": {
        "title": "Fleet Management",
        "slug": "fleet-management",
        "description": "Reduce costs and improve operational efficiency.",
        "image": "services/ChatGPT_Image_May_20_2026_at_05_19_59_PM.png",
        "order": 4,
        "is_active": true
    }
},
{
    "model": "core.service",
    "pk": 9,
    "fields": {
        "title": "Business Consulting",
        "slug": "business-consulting",
        "description": "Strategic guidance to optimize your trucking operations.",
        "image": "services/ChatGPT_Image_May_20_2026_at_05_22_01_PM.png",
        "order": 5,
        "is_active": true
    }
},
{
    "model": "core.servicefeature",
    "pk": 1,
    "fields": {
        "service": 5,
        "title": "Load Search & Negotiation",
        "description": "We book high-paying loads that align with your preferred routes and schedule.",
        "order": 1
    }
},
{
    "model": "core.servicefeature",
    "pk": 2,
    "fields": {
        "service": 5,
        "title": "24/7 Dispatcher Support",
        "description": "We're always available to help you stay moving — day or night.",
        "order": 2
    }
},
{
    "model": "core.servicefeature",
    "pk": 3,
    "fields": {
        "service": 5,
        "title": "Invoicing & Documentation",
        "description": "We handle rate confirmations, PODs, invoicing, and all the paperwork so you can focus on driving.",
        "order": 3
    }
},
{
    "model": "core.servicefeature",
    "pk": 4,
    "fields": {
        "service": 6,
        "title": "Tax Preparation & Planning",
        "description": "We ensure you're fully compliant with tax regulations while maximizing deductions specific to the trucking industry.",
        "order": 1
    }
},
{
    "model": "core.servicefeature",
    "pk": 5,
    "fields": {
        "service": 6,
        "title": "Financial Reporting",
        "description": "Regular profit and loss statements, cash flow analysis, and performance metrics to keep your business on track.",
        "order": 2
    }
},
{
    "model": "core.servicefeature",
    "pk": 6,
    "fields": {
        "service": 6,
        "title": "Expense Management",
        "description": "We track and categorize all your business expenses, giving you clear insight into your true operating costs.",
        "order": 3
    }
},
{
    "model": "core.servicefeature",
    "pk": 7,
    "fields": {
        "service": 7,
        "title": "DOT Compliance",
        "description": "We ensure your operation meets all Department of Transportation requirements and passes roadside inspections.",
        "order": 1
    }
},
{
    "model": "core.servicefeature",
    "pk": 8,
    "fields": {
        "service": 7,
        "title": "Safety Audits & Training",
        "description": "Regular safety reviews and driver training programs to prevent violations and accidents.",
        "order": 2
    }
},
{
    "model": "core.servicefeature",
    "pk": 9,
    "fields": {
        "service": 7,
        "title": "Documentation Management",
        "description": "We organize and maintain all required safety records, giving you peace of mind during inspections.",
        "order": 3
    }
},
{
    "model": "core.servicefeature",
    "pk": 10,
    "fields": {
        "service": 8,
        "title": "Fleet Optimization",
        "description": "We analyze route efficiency and vehicle utilization to help you reduce costs and maximize revenue.",
        "order": 1
    }
},
{
    "model": "core.servicefeature",
    "pk": 11,
    "fields": {
        "service": 8,
        "title": "Compliance Management",
        "description": "We maintain DOT compliance and help you avoid costly violations — proactively, not reactively.",
        "order": 2
    }
},
{
    "model": "core.servicefeature",
    "pk": 12,
    "fields": {
        "service": 8,
        "title": "Performance Tracking",
        "description": "We monitor key metrics, fuel usage, and maintenance needs, giving you complete visibility into your fleet's operations.",
        "order": 3
    }
},
{
    "model": "core.servicefeature",
    "pk": 13,
    "fields": {
        "service": 9,
        "title": "Business Strategy",
        "description": "We develop customized growth plans to help you navigate market trends and maximize profitability.",
        "order": 1
    }
},
{
    "model": "core.servicefeature",
    "pk": 14,
    "fields": {
        "service": 9,
        "title": "Operational Excellence",
        "description": "We optimize your processes and improve efficiency so your business runs leaner and faster.",
        "order": 2
    }
},
{
    "model": "core.servicefeature",
    "pk": 15,
    "fields": {
        "service": 9,
        "title": "Performance Analysis",
        "description": "We evaluate key metrics and industry benchmarks, giving you actionable insights to outperform the competition.",
        "order": 3
    }
},
{
    "model": "core.blogpost",
    "pk": 7,
    "fields": {
        "title": "Trucking & Logistics: 8 Strategies for Seamless Integration",
        "slug": "trucking-logistics-8-strategies-for-seamless-integration",
        "body": "<p>In today's fast-paced business environment, the seamless integration of trucking and logistics operations has become more critical than ever. Companies that effectively merge these two components gain a significant competitive advantage. According to a McKinsey study, companies that successfully integrate their trucking operations with comprehensive logistics systems can achieve cost reductions of up to <strong>15%</strong> while significantly improving service reliability.</p>\r\n<hr />\r\n<h2>Strategy 1: Implementing Unified Technology Platforms</h2>\r\n<p>The foundation of any successful integration begins with technology. Fragmented systems create information silos, leading to inefficiencies, errors, and missed opportunities.</p>\r\n<h3>Transportation Management Systems (TMS)</h3>\r\n<p>A robust TMS serves as the technological backbone of integrated operations. Modern TMS platforms offer:</p>\r\n<ul>\r\n<li>Real-time shipment tracking and visibility</li>\r\n<li>Automated dispatch and routing optimization</li>\r\n<li>Driver management and compliance monitoring</li>\r\n<li>Customer portal access and communication tools</li>\r\n<li>Integration with warehouse management systems</li>\r\n</ul>\r\n<h3>Mobile Solutions for Real-Time Updates</h3>\r\n<p>Mobile technology has revolutionized how information flows between drivers, dispatchers, and logistics planners. Mobile apps allow drivers to:</p>\r\n<ol>\r\n<li>Update delivery status in real-time</li>\r\n<li>Capture electronic proof of delivery</li>\r\n<li>Report delays or route disruptions immediately</li>\r\n<li>Access critical shipment information without dispatcher intervention</li>\r\n</ol>\r\n<hr />\r\n<h2>Strategy 2: Establishing Cross-Functional Teams</h2>\r\n<p>Technology alone cannot achieve integration — people must collaborate across departmental boundaries.</p>\r\n<h3>Integrated Planning Sessions</h3>\r\n<p>Schedule regular joint planning sessions to:</p>\r\n<ul>\r\n<li>Review performance metrics from both perspectives</li>\r\n<li>Identify bottlenecks affecting both departments</li>\r\n<li>Develop shared solutions to common challenges</li>\r\n<li>Align on priorities and resource allocation</li>\r\n</ul>\r\n<h3>Unified Performance Metrics</h3>\r\n<p>Develop shared KPIs that measure the success of the integrated operation:</p>\r\n<ul>\r\n<li>Total delivered cost per unit</li>\r\n<li>On-time delivery percentage</li>\r\n<li>Asset utilization rates</li>\r\n<li>Order-to-delivery cycle time</li>\r\n<li>Exception resolution speed</li>\r\n</ul>\r\n<hr />\r\n<h2>Strategy 3: Optimizing Route Planning and Execution</h2>\r\n<h3>Advanced Route Optimization Techniques</h3>\r\n<p>Modern trucking business management requires sophisticated route optimization considering:</p>\r\n<ul>\r\n<li>Traffic patterns and historical travel times</li>\r\n<li>Driver hours-of-service constraints</li>\r\n<li>Customer delivery windows and preferences</li>\r\n<li>Vehicle capabilities and limitations</li>\r\n<li>Backhaul opportunities to reduce empty miles</li>\r\n</ul>\r\n<blockquote>\r\n<p>Even a <strong>5% reduction in empty miles</strong> can translate to significant cost savings in freight transportation logistics. <em>(American Transportation Research Institute)</em></p>\r\n</blockquote>\r\n<h3>Dynamic Rerouting Capabilities</h3>\r\n<p>Effective integration requires systems that dynamically adjust routes based on:</p>\r\n<ol>\r\n<li>Weather disruptions affecting specific lanes</li>\r\n<li>Traffic incidents causing unexpected delays</li>\r\n<li>Last-minute customer schedule changes</li>\r\n<li>Equipment breakdowns requiring load reassignment</li>\r\n</ol>\r\n<hr />\r\n<h2>Strategy 4: Streamlining Documentation and Compliance</h2>\r\n<h3>Digital Documentation Management</h3>\r\n<p>Implementing digital documentation solutions allows for:</p>\r\n<ul>\r\n<li>Immediate access to bills of lading and proof of delivery</li>\r\n<li>Automated validation of regulatory compliance</li>\r\n<li>Simplified audit trails for internal and external review</li>\r\n<li>Reduced processing time for billing and settlement</li>\r\n</ul>\r\n<h3>Automated Compliance Monitoring</h3>\r\n<p>Integrate compliance monitoring directly into operational systems:</p>\r\n<ul>\r\n<li>Automated hours-of-service tracking and alerts</li>\r\n<li>Vehicle inspection and maintenance scheduling</li>\r\n<li>Driver qualification and credential management</li>\r\n<li>Route planning that accounts for weight restrictions and hazmat regulations</li>\r\n</ul>\r\n<hr />\r\n<h2>Strategy 5: Implementing Predictive Analytics and Data-Driven Decision Making</h2>\r\n<h3>Demand Forecasting and Capacity Planning</h3>\r\n<p>Advanced analytics enable more accurate transportation demand forecasting:</p>\r\n<ul>\r\n<li>Historical pattern analysis to predict seasonal fluctuations</li>\r\n<li>Integration of customer forecast data into capacity models</li>\r\n<li>Simulation of different scenarios to identify potential constraints</li>\r\n<li>Dynamic adjustment of equipment and driver resources</li>\r\n</ul>\r\n<h3>Predictive Maintenance for Fleet Optimization</h3>\r\n<p>Predictive maintenance leverages telematics data to:</p>\r\n<ul>\r\n<li>Identify early warning signs of potential component failures</li>\r\n<li>Schedule maintenance interventions during planned downtime</li>\r\n<li>Optimize parts inventory based on predicted maintenance needs</li>\r\n<li>Extend equipment life through more timely preventive maintenance</li>\r\n</ul>\r\n<hr />\r\n<h2>Strategy 6: Cultivating Strong Carrier Relationships and Networks</h2>\r\n<h3>Carrier Scorecarding and Performance Management</h3>\r\n<p>Develop comprehensive scorecards evaluating carriers on:</p>\r\n<ul>\r\n<li>On-time pickup and delivery performance</li>\r\n<li>Electronic data compliance and timeliness</li>\r\n<li>Claims frequency and resolution</li>\r\n<li>Capacity commitment reliability</li>\r\n<li>Cost competitiveness and stability</li>\r\n</ul>\r\n<h3>Technology Integration with Strategic Partners</h3>\r\n<p>For critical carrier relationships, invest in deeper technology integration:</p>\r\n<ul>\r\n<li>API connections for automated tender and acceptance</li>\r\n<li>Real-time visibility feeds into tracking systems</li>\r\n<li>Automated appointment scheduling and updates</li>\r\n<li>Electronic document exchange and validation</li>\r\n</ul>\r\n<hr />\r\n<h2>Strategy 7: Enhancing Customer Communication and Visibility</h2>\r\n<h3>Customer Portals and Self-Service Options</h3>\r\n<p>Implement customer-facing technologies providing transparency:</p>\r\n<ul>\r\n<li>Real-time shipment tracking with detailed milestone updates</li>\r\n<li>Self-service scheduling for pickups and deliveries</li>\r\n<li>Document access and management capabilities</li>\r\n<li>Performance reporting and analytics dashboards</li>\r\n</ul>\r\n<h3>Proactive Exception Management</h3>\r\n<p>When disruptions occur, integrated systems allow for proactive communication:</p>\r\n<ol>\r\n<li>Automated alerts for potential delays based on real-time tracking</li>\r\n<li>Immediate notification of verified exceptions with impact analysis</li>\r\n<li>Presentation of alternative options when available</li>\r\n<li>Consistent communication across all customer touchpoints</li>\r\n</ol>\r\n<hr />\r\n<h2>Strategy 8: Continuous Improvement through Feedback Loops</h2>\r\n<h3>Regular Operational Reviews</h3>\r\n<p>Schedule structured reviews:</p>\r\n<ul>\r\n<li><strong>Weekly</strong> tactical reviews to address immediate issues</li>\r\n<li><strong>Monthly</strong> performance reviews to identify trends</li>\r\n<li><strong>Quarterly</strong> strategic reviews to align on improvement priorities</li>\r\n<li><strong>Annual</strong> technology assessments to evaluate new capabilities</li>\r\n</ul>\r\n<h3>Voice of Customer Integration</h3>\r\n<p>Systematically incorporate customer feedback:</p>\r\n<ul>\r\n<li>Structured surveys at regular intervals</li>\r\n<li>Analysis of customer exception reports and complaints</li>\r\n<li>Executive-level relationship reviews with key accounts</li>\r\n<li>Integration of customer suggestions into enhancement roadmaps</li>\r\n</ul>\r\n<hr />\r\n<h2>Conclusion</h2>\r\n<p>Seamlessly integrated trucking and logistics operations result from strategic planning, technological investment, and organizational commitment. By implementing these eight strategies, organizations can expect:</p>\r\n<ul>\r\n<li>Reduced operational costs through elimination of redundancies</li>\r\n<li>Improved service reliability and consistency</li>\r\n<li>Enhanced visibility throughout the transportation lifecycle</li>\r\n<li>Greater adaptability to changing market conditions</li>\r\n<li>More sustainable operations through optimized resource utilization</li>\r\n</ul>",
        "category": "article",
        "cover_image": "blog/tg_image_563346161.png",
        "published_at": "2025-06-24T00:00:00Z",
        "is_published": true
    }
},
{
    "model": "core.blogpost",
    "pk": 8,
    "fields": {
        "title": "Freight Truck Services: 6 Ways to Boost Your Bottom Line",
        "slug": "freight-truck-services-6-ways-to-boost-your-bottom-line",
        "body": "<p>Fleet operators face unprecedented challenges: fluctuating fuel prices, driver shortages, and increasing customer demands. Yet amid these challenges lie opportunities for significant financial growth. Even modest operational improvements can yield substantial financial returns in the trucking industry.</p>\r\n<hr />\r\n<h2>Way 1: Implement Fuel Efficiency Programs</h2>\r\n<p>Fuel expenses typically represent <strong>30–40%</strong> of a freight trucking operation's total costs.</p>\r\n<h3>Driver Training for Fuel Conservation</h3>\r\n<p>Training programs focused on:</p>\r\n<ul>\r\n<li><strong>Progressive shifting</strong> — shifting at lower RPMs to maximize fuel economy</li>\r\n<li><strong>Speed management</strong> — maintaining optimal speeds (55–60 mph is typically most efficient)</li>\r\n<li><strong>Idle reduction</strong> — minimizing unnecessary idling (can consume 0.5–1 gallon per hour)</li>\r\n<li><strong>Proper acceleration and braking</strong> — gradual acceleration and anticipatory braking</li>\r\n</ul>\r\n<p>Companies implementing driver training report fuel savings of <strong>5–15%</strong>.</p>\r\n<h3>Vehicle Maintenance and Technology</h3>\r\n<p>Regular preventative maintenance directly impacts fuel consumption:</p>\r\n<ul>\r\n<li>Proper tire inflation (underinflated tires can reduce fuel economy by up to <strong>3%</strong>)</li>\r\n<li>Regular engine tune-ups and air filter replacements</li>\r\n<li>Aerodynamic enhancements (side skirts, roof fairings, gap reducers)</li>\r\n<li>Advanced telematics systems that monitor fuel consumption patterns</li>\r\n</ul>\r\n<p>Hybrid-assist systems or alternative fuel vehicles can reduce fuel costs by <strong>20–30%</strong> over the vehicle's lifetime.</p>\r\n<hr />\r\n<h2>Way 2: Optimize Route Planning and Load Management</h2>\r\n<h3>Advanced Route Planning Software</h3>\r\n<p>Modern routing software uses AI and machine learning to optimize based on:</p>\r\n<ul>\r\n<li>Real-time traffic conditions</li>\r\n<li>Weather forecasts</li>\r\n<li>Delivery time windows</li>\r\n<li>Driver hours-of-service limitations</li>\r\n<li>Fuel stops and rest areas</li>\r\n</ul>\r\n<p>Companies implementing advanced route optimization report <strong>5–10% operating cost reductions</strong> and <strong>up to 15% increased fleet utilization</strong>. <em>(McKinsey)</em></p>\r\n<h3>Load Optimization and Backhaul Management</h3>\r\n<p>Strategies to minimize empty/deadhead miles:</p>\r\n<ul>\r\n<li><strong>Load boards and freight matching platforms</strong> to find backhaul opportunities</li>\r\n<li><strong>Collaboration with complementary businesses</strong> that ship along regular routes</li>\r\n<li><strong>Strategic partnerships</strong> with other carriers for load sharing</li>\r\n<li><strong>Dynamic pricing models</strong> to attract shipments on traditionally empty return routes</li>\r\n</ul>\r\n<blockquote>\r\n<p>Reducing empty miles by just <strong>10%</strong> can increase annual profit margins by <strong>2–3%</strong> for a medium-sized fleet.</p>\r\n</blockquote>\r\n<hr />\r\n<h2>Way 3: Leverage Technology for Operational Efficiency</h2>\r\n<h3>Telematics and Fleet Management Systems</h3>\r\n<p>Modern telematics provide real-time insights:</p>\r\n<ul>\r\n<li>Vehicle diagnostics identifying maintenance needs before breakdowns</li>\r\n<li>Driver behavior monitoring to improve safety and reduce insurance costs</li>\r\n<li>Automated compliance management for hours of service and electronic logging</li>\r\n<li>Fuel consumption analytics</li>\r\n</ul>\r\n<p>Fleets using comprehensive telematics report <strong>5–20% maintenance cost reductions</strong> and <strong>up to 15% insurance premium decreases</strong>.</p>\r\n<h3>Warehouse and Inventory Management Integration</h3>\r\n<ul>\r\n<li>Integrated warehouse management systems optimize loading/unloading</li>\r\n<li>Automated inventory tracking reduces detention time</li>\r\n<li>Dock scheduling systems minimize wait times</li>\r\n<li>Cross-docking operations reduce storage costs and transit times</li>\r\n</ul>\r\n<p>Companies implementing integrated warehouse-transportation systems report <strong>25–40% reductions</strong> in loading/unloading time.</p>\r\n<hr />\r\n<h2>Way 4: Implement Strategic Driver Recruitment and Retention Programs</h2>\r\n<p>Driver turnover costs average <strong>$8,000–$10,000 per driver</strong>.</p>\r\n<h3>Creating Compelling Compensation Packages</h3>\r\n<ul>\r\n<li><strong>Performance-based pay models</strong> rewarding efficiency, safety, and customer service</li>\r\n<li><strong>Transparent bonus structures</strong> tied to measurable metrics</li>\r\n<li><strong>Benefits packages</strong> designed specifically for drivers' unique needs</li>\r\n<li><strong>Retirement and health savings options</strong> for long-term security</li>\r\n</ul>\r\n<h3>Building a Driver-Centric Culture</h3>\r\n<ul>\r\n<li>Creating predictable home time schedules</li>\r\n<li>Investing in quality equipment and modern technology</li>\r\n<li>Developing clear career advancement pathways</li>\r\n<li>Recognizing and rewarding veteran drivers</li>\r\n<li>Soliciting and acting on driver feedback</li>\r\n</ul>\r\n<p>Companies focused on driver satisfaction report turnover rates <strong>20–30% below industry averages</strong>.</p>\r\n<hr />\r\n<h2>Way 5: Diversify Revenue Streams and Service Offerings</h2>\r\n<h3>Specialized Services with Premium Margins</h3>\r\n<p>High-margin specialized transportation options:</p>\r\n<ul>\r\n<li><strong>Temperature-controlled transportation</strong> for pharmaceuticals or food products</li>\r\n<li><strong>Hazardous materials handling</strong> with proper certifications</li>\r\n<li><strong>White-glove services</strong> for high-value or fragile items</li>\r\n<li><strong>Expedited shipping</strong> with guaranteed delivery windows</li>\r\n</ul>\r\n<p>Specialized services typically command <strong>15–30% higher rates</strong> than general freight.</p>\r\n<h3>Value-Added Services Beyond Transportation</h3>\r\n<ul>\r\n<li>Warehousing and distribution services</li>\r\n<li>Cross-docking operations</li>\r\n<li>Last-mile delivery options</li>\r\n<li>Packaging and kitting services</li>\r\n<li>Freight consolidation and deconsolidation</li>\r\n<li>Supply chain consulting</li>\r\n</ul>\r\n<hr />\r\n<h2>Way 6: Optimize Financial Management and Cash Flow</h2>\r\n<h3>Accelerating Payment Cycles</h3>\r\n<ul>\r\n<li><strong>Invoice factoring</strong> to receive immediate payment for completed deliveries</li>\r\n<li><strong>Digital billing platforms</strong> that streamline invoicing and payment processes</li>\r\n<li><strong>Early payment discount programs</strong> incentivizing prompt customer payments</li>\r\n<li><strong>Customer credit pre-screening</strong> to reduce bad debt exposure</li>\r\n</ul>\r\n<h3>Strategic Cost Management</h3>\r\n<ul>\r\n<li><strong>Insurance premium optimization</strong> through safety programs and careful carrier selection</li>\r\n<li><strong>Fleet acquisition strategies</strong> balancing ownership, leasing, and financing</li>\r\n<li><strong>Tax planning</strong> specific to trucking operations</li>\r\n<li><strong>Fuel purchasing programs</strong> with volume discounts</li>\r\n<li><strong>Maintenance contract negotiations</strong> for predictable service costs</li>\r\n</ul>\r\n<blockquote>\r\n<p>Comprehensive financial analysis often reveals that <strong>5–8% of operating costs</strong> can be eliminated through strategic management. Companies with robust financial management maintain profit margins <strong>2–3 percentage points higher</strong> than competitors. <em>(U.S. Department of Transportation)</em></p>\r\n</blockquote>\r\n<hr />\r\n<h2>Conclusion</h2>\r\n<p>By implementing these six strategies — fuel efficiency, route optimization, technology adoption, driver retention, service diversification, and financial management — freight trucking companies can create a resilient business model capable of thriving even in challenging market conditions. These strategies work synergistically: technology investments improve both driver satisfaction and operational efficiency, while specialized service offerings can reduce empty miles while increasing revenue per mile.</p>",
        "category": "article",
        "cover_image": "blog/ChatGPT_Image_May_20_2026_at_04_01_23_PM_1.png",
        "published_at": "2025-06-23T00:00:00Z",
        "is_published": true
    }
},
{
    "model": "core.blogpost",
    "pk": 9,
    "fields": {
        "title": "Fleet Optimization Blueprint: 4 Steps to Massive Savings",
        "slug": "fleet-optimization-blueprint-4-steps-to-massive-savings",
        "body": "<p>Fleet optimization is the systematic approach to maximizing vehicle performance while minimizing operational costs. Companies implementing comprehensive fleet optimization strategies typically reduce their total fleet costs by <strong>10–30%</strong>. <em>(McKinsey)</em></p>\r\n<hr />\r\n<h2>Step 1: Data-Driven Fleet Assessment and Benchmarking</h2>\r\n<p>Before implementing any optimization strategy, you need to understand exactly where you stand.</p>\r\n<h3>Establish Your Performance Baseline</h3>\r\n<p>Collect and analyze key performance indicators (KPIs):</p>\r\n<ul>\r\n<li>Total cost per mile/kilometer</li>\r\n<li>Fuel efficiency metrics across vehicle types</li>\r\n<li>Vehicle utilization rates</li>\r\n<li>Maintenance costs per vehicle</li>\r\n<li>Downtime percentages</li>\r\n<li>Driver performance metrics</li>\r\n<li>Route efficiency measurements</li>\r\n</ul>\r\n<h3>Identify Cost Leakage Points</h3>\r\n<p>Common problem areas to analyze:</p>\r\n<ul>\r\n<li><strong>Excessive idle time</strong> — often accounting for 5–8% of total fuel consumption</li>\r\n<li><strong>Suboptimal routing</strong> — adding unnecessary miles and hours</li>\r\n<li><strong>Reactive maintenance</strong> — causing avoidable breakdowns and expensive repairs</li>\r\n<li><strong>Vehicle misallocation</strong> — using inappropriate vehicles for specific tasks</li>\r\n<li><strong>Driver behavior issues</strong> — harsh acceleration, braking, and speeding</li>\r\n</ul>\r\n<p>Use industry-wide data (available via FMCSA) to benchmark your performance and establish realistic improvement targets.</p>\r\n<hr />\r\n<h2>Step 2: Implement Strategic Route Optimization</h2>\r\n<p>Efficient route planning can reduce miles driven by <strong>5–15%</strong>, directly translating to significant fuel savings and increased productivity.</p>\r\n<h3>Advanced Route Planning Technologies</h3>\r\n<p>Modern route optimization software considers multiple variables simultaneously:</p>\r\n<ul>\r\n<li>Traffic patterns and real-time conditions</li>\r\n<li>Customer time windows and service requirements</li>\r\n<li>Vehicle capacities and limitations</li>\r\n<li>Driver hours-of-service restrictions</li>\r\n<li>Fuel-efficient routing options</li>\r\n<li>Multi-stop optimization for delivery sequences</li>\r\n</ul>\r\n<h3>Dynamic Dispatch and Load Balancing</h3>\r\n<p>Real-time dispatch adjustment capabilities allow for:</p>\r\n<ol>\r\n<li>Immediate response to new service requests</li>\r\n<li>Resequencing stops when delays occur</li>\r\n<li>Balancing workloads across your fleet</li>\r\n<li>Reducing empty or partial return trips</li>\r\n</ol>\r\n<p>Load consolidation can reduce the total number of trips required by <strong>10–20%</strong>, potentially reducing fleet size requirements over time.</p>\r\n<hr />\r\n<h2>Step 3: Proactive Maintenance and Vehicle Lifecycle Management</h2>\r\n<p>Reactive maintenance is costly — emergency repairs typically cost <strong>3–5 times more</strong> than planned maintenance.</p>\r\n<h3>Preventive Maintenance Scheduling</h3>\r\n<p>A structured preventive maintenance program includes:</p>\r\n<ul>\r\n<li>Regular service intervals based on manufacturer recommendations</li>\r\n<li>Condition-based maintenance triggers using telematics data</li>\r\n<li>Comprehensive inspection protocols</li>\r\n<li>Digital maintenance record-keeping</li>\r\n<li>Parts inventory management</li>\r\n</ul>\r\n<p>Companies with robust maintenance programs report <strong>25–30% lower repair costs</strong> and significantly less downtime.</p>\r\n<h3>Strategic Vehicle Replacement Planning</h3>\r\n<p>Determine the optimal replacement cycle by analyzing:</p>\r\n<ul>\r\n<li>Acquisition costs vs. resale value depreciation curves</li>\r\n<li>Maintenance cost trends as vehicles age</li>\r\n<li>Fuel efficiency degradation</li>\r\n<li>Technological improvements in newer models</li>\r\n<li>Total cost of ownership calculations</li>\r\n</ul>\r\n<blockquote>\r\n<p>Many organizations discover they can reduce their total vehicle count by <strong>10–15%</strong> through improved utilization and scheduling. Most companies achieve payback within <strong>12–18 months</strong> through reduced repair costs, extended vehicle lifespans, and improved reliability.</p>\r\n</blockquote>\r\n<hr />\r\n<h2>Step 4: Driver Performance Optimization and Technology Integration</h2>\r\n<p>Driver behavior can impact fuel economy by up to <strong>30%</strong> between the best and worst performers operating identical vehicles.</p>\r\n<h3>Driver Training and Incentive Programs</h3>\r\n<p>Comprehensive driver development includes:</p>\r\n<ul>\r\n<li>Eco-driving techniques training</li>\r\n<li>Regular performance feedback using telematics data</li>\r\n<li>Gamification and recognition for top performers</li>\r\n<li>Financial incentives aligned with efficiency goals</li>\r\n<li>Continuous education on vehicle technology</li>\r\n</ul>\r\n<h3>Telematics and Fleet Management Technology</h3>\r\n<p>A comprehensive technology stack should include:</p>\r\n<ul>\r\n<li><strong>Telematics systems</strong> — real-time vehicle diagnostics and driver behavior monitoring</li>\r\n<li><strong>Fleet management software</strong> — centralizing operations, maintenance, and compliance data</li>\r\n<li><strong>Mobile applications</strong> — enabling driver communication and documentation</li>\r\n<li><strong>Fuel management systems</strong> — tracking consumption and identifying anomalies</li>\r\n<li><strong>Electronic logging devices (ELDs)</strong> — ensuring hours-of-service compliance</li>\r\n</ul>\r\n<p>Companies implementing comprehensive driver coaching programs routinely report <strong>5–10% fuel savings</strong> and <strong>10–20% reductions in accident rates</strong>.</p>\r\n<hr />\r\n<h2>Implementation Roadmap</h2>\r\n<p>Successfully implementing these four steps follows this sequence:</p>\r\n<ol>\r\n<li><strong>Assessment and goal-setting</strong> — establish baseline metrics and define specific targets</li>\r\n<li><strong>Quick wins identification</strong> — implement high-impact, low-effort improvements first</li>\r\n<li><strong>Technology foundation</strong> — deploy necessary systems and tools</li>\r\n<li><strong>Process development</strong> — create standardized procedures and workflows</li>\r\n<li><strong>Training and change management</strong> — prepare your team for new approaches</li>\r\n<li><strong>Phased implementation</strong> — roll out initiatives in logical sequence</li>\r\n<li><strong>Continuous monitoring</strong> — track performance against goals</li>\r\n<li><strong>Refinement</strong> — adjust strategies based on results</li>\r\n</ol>\r\n<hr />\r\n<h2>Conclusion: The Compound Effect of Optimization</h2>\r\n<p>The combined impact of all four steps creates transformative results:</p>\r\n<table>\r\n<thead>\r\n<tr>\r\n<th>Improvement Area</th>\r\n<th>Expected Savings</th>\r\n</tr>\r\n</thead>\r\n<tbody>\r\n<tr>\r\n<td>Total miles driven (route optimization)</td>\r\n<td>10–15% reduction</td>\r\n</tr>\r\n<tr>\r\n<td>Fuel economy (driver performance)</td>\r\n<td>7–12% improvement</td>\r\n</tr>\r\n<tr>\r\n<td>Maintenance costs (proactive maintenance)</td>\r\n<td>15–25% decrease</td>\r\n</tr>\r\n<tr>\r\n<td>Fleet size (improved utilization)</td>\r\n<td>5–10% reduction</td>\r\n</tr>\r\n<tr>\r\n<td>Accidents (safety programs &amp; monitoring)</td>\r\n<td>20–30% fewer</td>\r\n</tr>\r\n</tbody>\r\n</table>\r\n<p><strong>For a medium-sized fleet of 50 vehicles, these improvements typically translate to annual savings of $300,000 to $500,000.</strong></p>",
        "category": "article",
        "cover_image": "blog/ChatGPT_Image_May_20_2026_at_04_02_49_PM_1.png",
        "published_at": "2025-06-22T00:00:00Z",
        "is_published": true
    }
},
{
    "model": "core.blogpost",
    "pk": 10,
    "fields": {
        "title": "10 Must-Have Features in Transportation Logistics Software",
        "slug": "10-must-have-features-in-transportation-logistics-software",
        "body": "<p>The global logistics market is projected to exceed <strong>$12 trillion by 2025</strong>, with technology adoption serving as a primary differentiator between market leaders and those struggling to keep pace. <em>(Statista)</em></p>\r\n<hr />\r\n<h2>Feature 1: Real-Time Visibility and Tracking Capabilities</h2>\r\n<h3>GPS Integration and Live Tracking</h3>\r\n<ul>\r\n<li>Accurate, real-time location data for every vehicle</li>\r\n<li>Minute-by-minute updates</li>\r\n<li>Automatic ETA calculations based on current conditions</li>\r\n</ul>\r\n<p>Organizations implementing real-time transportation visibility platforms report an average <strong>15% reduction in customer service calls</strong> and a <strong>10% improvement in on-time delivery performance</strong>. <em>(Gartner)</em></p>\r\n<h3>Shipment Status Notifications</h3>\r\n<p>Look for systems that enable:</p>\r\n<ul>\r\n<li>Automated ETA calculations and updates</li>\r\n<li>Exception alerts for delays or disruptions</li>\r\n<li>Delivery confirmation with electronic proof of delivery</li>\r\n<li>Temperature monitoring for sensitive cargo</li>\r\n</ul>\r\n<hr />\r\n<h2>Feature 2: Advanced Route Planning and Optimization</h2>\r\n<p>Transportation costs represent <strong>45–70%</strong> of a logistics company's total operational expenses.</p>\r\n<h3>Multi-Factor Optimization Algorithms</h3>\r\n<p>Best-in-class routing systems consider:</p>\r\n<ul>\r\n<li>Traffic patterns and historical data</li>\r\n<li>Delivery time windows and priority levels</li>\r\n<li>Vehicle capacity and loading constraints</li>\r\n<li>Driver hours-of-service limitations</li>\r\n<li>Fuel efficiency and environmental impact</li>\r\n<li>Road restrictions (weight, height, hazardous materials)</li>\r\n</ul>\r\n<h3>Dynamic Rerouting</h3>\r\n<p>Dynamic routing capabilities typically produce:</p>\r\n<ul>\r\n<li><strong>10–30% fuel savings</strong></li>\r\n<li><strong>10–25% productivity improvements</strong></li>\r\n</ul>\r\n<hr />\r\n<h2>Feature 3: Comprehensive Load Management</h2>\r\n<h3>Intelligent Load Matching</h3>\r\n<p>Top-tier software automatically matches shipments based on:</p>\r\n<ul>\r\n<li>Vehicle type and specifications</li>\r\n<li>Available capacity</li>\r\n<li>Equipment requirements</li>\r\n<li>Geographic proximity</li>\r\n<li>Carrier performance ratings</li>\r\n<li>Cost considerations</li>\r\n</ul>\r\n<h3>Capacity Utilization Tools</h3>\r\n<ol>\r\n<li><strong>Load consolidation suggestions</strong> — identify opportunities to combine partial shipments</li>\r\n<li><strong>Backhaul matching</strong> — reduce empty miles</li>\r\n<li><strong>Multi-stop route planning</strong> — optimize delivery sequences</li>\r\n<li><strong>Visual loading diagrams</strong> — maximize trailer space utilization</li>\r\n<li><strong>Weight distribution calculators</strong> — ensure regulatory compliance</li>\r\n</ol>\r\n<p>Advanced systems can increase average load utilization by <strong>15–20%</strong>.</p>\r\n<hr />\r\n<h2>Feature 4: Integrated Analytics and Business Intelligence</h2>\r\n<h3>Performance Dashboards and KPI Tracking</h3>\r\n<p>Critical KPIs displayed in real-time:</p>\r\n<ul>\r\n<li>On-time delivery performance</li>\r\n<li>Cost per mile/kilometer</li>\r\n<li>Vehicle utilization rates</li>\r\n<li>Driver productivity metrics</li>\r\n<li>Fuel efficiency statistics</li>\r\n<li>Service exception rates</li>\r\n</ul>\r\n<h3>Predictive Analytics and Forecasting</h3>\r\n<p>Leading software incorporates predictive capabilities:</p>\r\n<ul>\r\n<li><em>Demand forecasting</em> to anticipate capacity requirements</li>\r\n<li><em>Maintenance prediction</em> to reduce vehicle downtime</li>\r\n<li><em>Cost trajectory analysis</em> to identify savings opportunities</li>\r\n<li><em>Service disruption probability</em> to mitigate risks</li>\r\n</ul>\r\n<p>Companies leveraging advanced analytics typically realize <strong>15–25% cost reductions</strong> while improving service levels. <em>(McKinsey)</em></p>\r\n<hr />\r\n<h2>Feature 5: Seamless Integration Capabilities</h2>\r\n<h3>API and EDI Connectivity</h3>\r\n<p>Your TMS should offer:</p>\r\n<ul>\r\n<li>Modern REST APIs with comprehensive documentation</li>\r\n<li>Traditional EDI support for legacy systems</li>\r\n<li>Webhooks for real-time data synchronization</li>\r\n<li>Batch processing for high-volume data exchanges</li>\r\n</ul>\r\n<h3>ERP and WMS Integration</h3>\r\n<p>Integration creates unified information flow connecting:</p>\r\n<ul>\r\n<li>Order management and fulfillment</li>\r\n<li>Inventory availability and allocation</li>\r\n<li>Shipment planning and execution</li>\r\n<li>Financial processing and invoicing</li>\r\n<li>Customer communication and service</li>\r\n</ul>\r\n<p>Companies achieving tight integration report <strong>20–30% improvements in order-to-delivery cycle times</strong>.</p>\r\n<hr />\r\n<h2>Feature 6: Automated Documentation and Compliance Management</h2>\r\n<h3>Digital Documentation Management</h3>\r\n<p>Capabilities that digitize and automate document workflows:</p>\r\n<ul>\r\n<li>Electronic bill of lading generation</li>\r\n<li>Digital proof of delivery capture</li>\r\n<li>Automated invoice creation</li>\r\n<li>Customs documentation preparation</li>\r\n<li>Centralized document repository with search functionality</li>\r\n</ul>\r\n<h3>Regulatory Compliance Tools</h3>\r\n<ul>\r\n<li>Hours of service tracking and ELD integration</li>\r\n<li>International shipping documentation requirements</li>\r\n<li>Hazardous materials handling documentation</li>\r\n<li>Weight and dimension compliance</li>\r\n<li>Tax reporting for interstate and international operations</li>\r\n</ul>\r\n<hr />\r\n<h2>Features 7–10: Additional Essential Capabilities</h2>\r\n<h3>Feature 7: Mobile Accessibility</h3>\r\n<p>With transportation operations inherently mobile, software must offer robust mobile applications for drivers, field personnel, and on-the-go managers — even with limited connectivity.</p>\r\n<h3>Feature 8: Customer Portal Capabilities</h3>\r\n<p>Self-service customer portals reduce service inquiries while improving satisfaction. Customers should be able to track shipments, access documentation, and manage their shipping preferences.</p>\r\n<h3>Feature 9: Flexible Rating and Pricing Tools</h3>\r\n<p>Software should support complex pricing models including contract rates, spot pricing, dimensional weight calculations, and specialized service surcharges.</p>\r\n<h3>Feature 10: Scalable Architecture</h3>\r\n<p>Cloud-based solutions typically offer the most flexible scaling options, allowing you to add users, vehicles, and functionality as needed. Robust security with role-based access controls, data encryption, and comprehensive audit trails is also essential.</p>\r\n<hr />\r\n<h2>Conclusion</h2>\r\n<p>When evaluating software options, consider:</p>\r\n<ul>\r\n<li>Features available today vs. the provider's innovation roadmap</li>\r\n<li>Implementation support and training resources</li>\r\n<li>Ongoing customer service quality</li>\r\n<li>Successful user adoption support</li>\r\n</ul>\r\n<p>The most feature-rich solution will deliver limited value without proper deployment and user adoption.</p>",
        "category": "article",
        "cover_image": "blog/ChatGPT_Image_May_20_2026_at_04_04_34_PM_1.png",
        "published_at": "2025-06-21T00:00:00Z",
        "is_published": true
    }
},
{
    "model": "core.blogpost",
    "pk": 11,
    "fields": {
        "title": "Trucking Route Optimization: 5 Tools to Slash Miles by 20%",
        "slug": "trucking-route-optimization-5-tools-to-slash-miles-by-20",
        "body": "<p>Optimized routes can reduce total miles driven by <strong>up to 20%</strong>, translating to thousands of dollars saved per truck annually. Yet less than <strong>40% of trucking companies</strong> utilize advanced route planning tools. Fuel costs represent approximately <strong>24%</strong> of the average carrier's operational expenses. <em>(American Transportation Research Institute)</em></p>\r\n<hr />\r\n<h2>Why Route Optimization Is No Longer Optional</h2>\r\n<p>Beyond fuel savings, optimized routing delivers:</p>\r\n<ul>\r\n<li>Reduced vehicle wear and maintenance costs</li>\r\n<li>Improved on-time delivery performance</li>\r\n<li>Enhanced driver satisfaction through more efficient schedules</li>\r\n<li>Lower carbon emissions and environmental impact</li>\r\n<li>Increased capacity utilization and revenue potential</li>\r\n</ul>\r\n<p>Carriers implementing advanced route optimization typically see an immediate <strong>5–10% reduction in total miles</strong>, with the potential to reach <strong>15–20%</strong> as systems and processes mature. <em>(McKinsey)</em></p>\r\n<hr />\r\n<h2>Tool 1: AI-Powered Route Planning Software</h2>\r\n<p>Artificial intelligence processes vast amounts of data to generate routes that human dispatchers simply cannot match for efficiency.</p>\r\n<p>Modern AI routing platforms consider:</p>\r\n<ul>\r\n<li><strong>Real-time traffic conditions</strong> — construction, accidents, and congestion patterns</li>\r\n<li><strong>Weather events</strong> — impacting delivery times or requiring rerouting</li>\r\n<li><strong>Historical performance data</strong> — on specific routes and delivery points</li>\r\n<li><strong>Vehicle-specific parameters</strong> — height, weight, and turning radius restrictions</li>\r\n<li><strong>Driver hours-of-service availability</strong> — ensuring compliant scheduling</li>\r\n</ul>\r\n<p>Users of platforms like Samsara's Route Optimizer report average <strong>mileage reductions of 18%</strong>. These systems shine especially for carriers handling frequent multi-stop routes or operating in congested urban environments.</p>\r\n<hr />\r\n<h2>Tool 2: Advanced Load Planning and Consolidation Tools</h2>\r\n<p>For LTL shipments or multiple pickup/delivery points, load planning tools offer significant mileage reduction.</p>\r\n<p>Modern load optimization platforms help carriers:</p>\r\n<ul>\r\n<li>Consolidate partial loads to maximize trailer utilization</li>\r\n<li>Sequence stops optimally to minimize backtracking and empty miles</li>\r\n<li>Balance workloads across available equipment and drivers</li>\r\n<li>Identify opportunities for continuous moves rather than out-and-back routes</li>\r\n</ul>\r\n<p>These tools consider dimensions, weight, freight type compatibility, loading/unloading requirements, and appointment times. Case studies show <strong>10–15% improvements in loaded-to-empty mile ratios</strong>, with some carriers achieving <strong>up to 25% reductions in deadhead miles</strong>.</p>\r\n<hr />\r\n<h2>Tool 3: Predictive Analytics Platforms for Proactive Planning</h2>\r\n<p>The most advanced systems now incorporate predictive analytics allowing carriers to anticipate and plan for future conditions.</p>\r\n<p>These platforms analyze patterns in:</p>\r\n<ol>\r\n<li><strong>Seasonal demand fluctuations</strong> — affecting freight volumes and location densities</li>\r\n<li><strong>Recurring traffic patterns</strong> — by time of day, day of week, and weather conditions</li>\r\n<li><strong>Customer behavior</strong> — typical dwell times and appointment adherence</li>\r\n<li><strong>Equipment availability</strong> — accounting for scheduled maintenance and historical breakdown data</li>\r\n</ol>\r\n<p>Carriers utilizing predictive planning see substantial improvements in asset utilization rates and customer satisfaction alongside direct mileage savings.</p>\r\n<hr />\r\n<h2>Tool 4: Real-Time Driver Communication and Rerouting Systems</h2>\r\n<p>Even perfectly optimized routes encounter unexpected challenges. Modern driver communication platforms combine:</p>\r\n<ul>\r\n<li>GPS-based location tracking</li>\r\n<li>Two-way messaging capabilities</li>\r\n<li>Real-time traffic and weather monitoring</li>\r\n<li>Dynamic ETA calculations and customer notifications</li>\r\n</ul>\r\n<p>These systems empower drivers to make informed decisions while keeping dispatchers and customers informed. When delays occur, platforms automatically calculate the most efficient alternate route.</p>\r\n<p>Carriers implementing these systems report <strong>95%+ on-time rates</strong> compared to industry averages around <strong>85%</strong>.</p>\r\n<hr />\r\n<h2>Tool 5: Telematics-Enhanced Driver Behavior Optimization</h2>\r\n<p>Significant efficiency gains come from optimizing how drivers navigate routes. Advanced telematics provide insights into:</p>\r\n<ul>\r\n<li>Excessive idling time at stops and during breaks</li>\r\n<li>Out-of-route miles and unauthorized stops</li>\r\n<li>Speeding and aggressive driving increasing fuel consumption</li>\r\n<li>Optimal cruise control and acceleration patterns</li>\r\n</ul>\r\n<p>Carriers implementing driver behavior optimization systems typically see <strong>5–8% additional fuel efficiency improvements</strong> on top of the direct mileage reductions — compounding their overall savings.</p>\r\n<hr />\r\n<h2>Implementation Strategies</h2>\r\n<h3>Start With a Baseline Analysis</h3>\r\n<p>Key metrics to measure before implementation:</p>\r\n<ul>\r\n<li>Average miles per stop</li>\r\n<li>Empty mile percentage</li>\r\n<li>On-time delivery performance</li>\r\n<li>Fuel efficiency by route type</li>\r\n<li>Driver utilization and hours-of-service compliance</li>\r\n</ul>\r\n<h3>Phase Implementation for Maximum Adoption</h3>\r\n<ol>\r\n<li><strong>Pilot program</strong> — test with a small group of routes or drivers</li>\r\n<li><strong>Data validation</strong> — compare actual results against system recommendations</li>\r\n<li><strong>Targeted expansion</strong> — roll out to specific terminals or regions</li>\r\n<li><strong>Full implementation</strong> — deploy across the entire operation with customized training</li>\r\n</ol>\r\n<h3>Integrate With Existing Systems</h3>\r\n<p>Connect route optimization tools with:</p>\r\n<ul>\r\n<li>Transportation Management Systems (TMS)</li>\r\n<li>Electronic Logging Devices (ELDs)</li>\r\n<li>Warehouse Management Systems (WMS)</li>\r\n<li>CRM platforms</li>\r\n<li>Accounting and billing systems</li>\r\n</ul>\r\n<h3>Develop Driver Buy-In Through Incentives</h3>\r\n<ul>\r\n<li>Fuel efficiency bonuses based on reduced idling and optimal speeds</li>\r\n<li>On-time delivery incentives aligned with routing recommendations</li>\r\n<li>Recognition programs highlighting drivers who consistently follow optimal routes</li>\r\n<li>Profit-sharing tied to overall fleet efficiency improvements</li>\r\n</ul>\r\n<hr />\r\n<h2>Measuring Success: KPIs for Route Optimization ROI</h2>\r\n<h3>Primary Efficiency Metrics</h3>\r\n<table>\r\n<thead>\r\n<tr>\r\n<th>KPI</th>\r\n<th>What It Measures</th>\r\n</tr>\r\n</thead>\r\n<tbody>\r\n<tr>\r\n<td>Total miles per order</td>\r\n<td>Overall distance required to fulfill each customer order</td>\r\n</tr>\r\n<tr>\r\n<td>Loaded-to-empty ratio</td>\r\n<td>% of miles driven with freight vs. without</td>\r\n</tr>\r\n<tr>\r\n<td>Stops per hour</td>\r\n<td>Delivery efficiency for multi-stop routes</td>\r\n</tr>\r\n<tr>\r\n<td>Fuel consumption per order</td>\r\n<td>Gallons used to complete each delivery</td>\r\n</tr>\r\n<tr>\r\n<td>Average route completion time</td>\r\n<td>Time from first pickup to final delivery</td>\r\n</tr>\r\n</tbody>\r\n</table>\r\n<h3>Secondary Impact Measurements</h3>\r\n<ul>\r\n<li><strong>Driver satisfaction and retention</strong> — more efficient routes lead to happier drivers</li>\r\n<li><strong>Vehicle maintenance intervals</strong> — fewer miles means extended maintenance cycles</li>\r\n<li><strong>Customer satisfaction scores</strong> — improved on-time performance drives higher ratings</li>\r\n<li><strong>Carbon footprint</strong> — reduced miles directly translates to lower emissions</li>\r\n</ul>\r\n<hr />\r\n<h2>Conclusion: The Future of Route Optimization</h2>\r\n<p>Forward-thinking carriers are already exploring next-generation optimization technologies:</p>\r\n<ul>\r\n<li>Autonomous routing decisions made without human intervention</li>\r\n<li>Integration with electric vehicle range optimization</li>\r\n<li>Machine learning systems that improve with each completed route</li>\r\n<li>Blockchain-secured data sharing across supply chain partners</li>\r\n</ul>\r\n<p>Carriers that embrace trucking route optimization today will enjoy significant competitive advantages tomorrow.</p>",
        "category": "article",
        "cover_image": "blog/ChatGPT_Image_May_20_2026_at_04_06_01_PM_1_o1vVSCt.png",
        "published_at": "2025-06-20T00:00:00Z",
        "is_published": true
    }
},
{
    "model": "core.blogpost",
    "pk": 12,
    "fields": {
        "title": "Owner-Operator Insurance: 5 Hidden Coverages You Need",
        "slug": "owner-operator-insurance-5-hidden-coverages-you-need",
        "body": "<p>There were approximately <strong>415,000 reported crashes</strong> involving large trucks in the most recent reporting year. <em>(FMCSA)</em> Beyond accidents, owner-operators face unique exposures related to cargo, equipment, liability claims, and business interruptions that standard policies often leave uncovered.</p>\r\n<hr />\r\n<h2>Foundation: Baseline Insurance Requirements</h2>\r\n<p>Federal regulations mandate a minimum of <strong>$750,000 in liability coverage</strong> for general freight carriers, with higher requirements for hazardous materials haulers.</p>\r\n<p>The typical owner-operator insurance package includes:</p>\r\n<ul>\r\n<li>Primary liability coverage</li>\r\n<li>Physical damage insurance</li>\r\n<li>Bobtail/non-trucking liability</li>\r\n<li>Cargo insurance</li>\r\n</ul>\r\n<p>While these form a solid foundation, they leave significant vulnerabilities that many truckers don't discover until it's too late.</p>\r\n<hr />\r\n<h2>Hidden Coverage #1: Trailer Interchange Insurance</h2>\r\n<p>Many owner-operators mistakenly believe their physical damage policy covers any trailer they pull.</p>\r\n<h3>Why You Need This Coverage</h3>\r\n<p>When operating under trailer interchange agreements, you assume liability for trailers belonging to other companies. If that trailer is damaged while in your possession, you're financially responsible — even if your primary insurance doesn't cover it.</p>\r\n<p><strong>Example scenario:</strong> A refrigerated trailer suffers $15,000 in damage to its cooling system in a deer collision. Without trailer interchange coverage, you'll pay these repairs out-of-pocket.</p>\r\n<p>Trailer interchange insurance covers physical damage to non-owned trailers used under authorized interchange agreements, including:</p>\r\n<ul>\r\n<li>Collision damage</li>\r\n<li>Fire and theft protection</li>\r\n<li>Vandalism coverage</li>\r\n<li>Coverage for refrigeration equipment</li>\r\n</ul>\r\n<hr />\r\n<h2>Hidden Coverage #2: Elevated Motor Truck Cargo Insurance</h2>\r\n<p>Basic cargo policies typically provide <strong>$100,000 in coverage</strong> but contain dangerous exclusions:</p>\r\n<ul>\r\n<li><strong>Temperature-controlled freight</strong> — refrigeration breakdown damage is often excluded</li>\r\n<li><strong>Electronics and high-value goods</strong> — may have sub-limits or require additional endorsements</li>\r\n<li><strong>Loading and unloading</strong> — some policies only cover cargo while in transit</li>\r\n<li><strong>Broad-form theft</strong> — basic policies may not cover mysterious disappearance or theft by deception</li>\r\n</ul>\r\n<p>Cargo claims are one of the most frequent loss types for owner-operators, with <strong>average claims exceeding $50,000</strong>. <em>(American Trucking Association)</em></p>\r\n<p><strong>Real-world impact:</strong> An owner-operator hauling $300,000 in pharmaceuticals experienced a refrigeration failure. His basic cargo policy excluded temperature-controlled freight, leaving him personally liable for the entire loss.</p>\r\n<p>When evaluating cargo insurance, pay attention to:</p>\r\n<ol>\r\n<li>Adequate limits based on maximum load values you typically carry</li>\r\n<li>Endorsements for specific freight types (refrigerated, electronics, etc.)</li>\r\n<li>Coverage for loading/unloading operations</li>\r\n<li>Reduced or eliminated commodity exclusions</li>\r\n</ol>\r\n<hr />\r\n<h2>Hidden Coverage #3: Rental Reimbursement with Downtime Protection</h2>\r\n<p>Standard physical damage policies cover repairs but don't address revenue loss during downtime.</p>\r\n<h3>The True Cost of Downtime</h3>\r\n<ul>\r\n<li>The average commercial truck repair takes <strong>4–15 days</strong> depending on damage severity</li>\r\n<li>Owner-operators typically lose <strong>$800–$1,500 per day</strong> when their truck is inoperable</li>\r\n<li>Even with expedited repairs, parts delays can extend downtime by weeks</li>\r\n</ul>\r\n<p>Rental reimbursement with downtime protection provides:</p>\r\n<ol>\r\n<li><strong>Rental vehicle coverage</strong> — reimbursement for a replacement vehicle to continue operations</li>\r\n<li><strong>Lost income protection</strong> — daily payments to offset revenue loss when no replacement is available</li>\r\n<li><strong>Extended recovery period</strong> — coverage until your truck is repaired or replaced</li>\r\n</ol>\r\n<p>When selecting this coverage, focus on:</p>\r\n<ul>\r\n<li>Daily benefit amounts that realistically reflect your operating income</li>\r\n<li>Sufficient coverage duration (30–60 days minimum)</li>\r\n<li>Minimal waiting periods before benefits begin</li>\r\n</ul>\r\n<hr />\r\n<h2>Hidden Coverage #4: Occupational Accident Insurance</h2>\r\n<p>As an owner-operator, you're not an employee, so traditional workers' compensation doesn't cover you. Standard health insurance policies often exclude work-related injuries, expecting workers' comp to cover them — creating a dangerous coverage gap.</p>\r\n<h3>What It Covers</h3>\r\n<p>Occupational accident insurance provides:</p>\r\n<ul>\r\n<li>Medical expense coverage for work-related injuries</li>\r\n<li>Disability income to replace lost earnings during recovery</li>\r\n<li>Accidental death and dismemberment benefits</li>\r\n<li>Coverage for injuries during loading/unloading and other work activities</li>\r\n</ul>\r\n<p>The trucking industry has an injury rate <strong>significantly higher than the national average</strong> for all industries. <em>(Bureau of Labor Statistics)</em></p>\r\n<p>When comparing policies, carefully examine:</p>\r\n<ul>\r\n<li>Benefit limits</li>\r\n<li>Elimination periods</li>\r\n<li>Coverage durations</li>\r\n</ul>\r\n<p>Policies with lower premiums often come with reduced benefits or longer waiting periods — compromises that could prove costly during recovery from a serious injury.</p>\r\n<hr />\r\n<h2>Hidden Coverage #5: Non-Trucking Liability Extensions</h2>\r\n<p>Standard non-trucking liability policies cover your truck only during specific personal activities — not under dispatch, and without a trailer. This narrow definition creates problematic scenarios:</p>\r\n<ul>\r\n<li>Driving to a repair shop between loads</li>\r\n<li>Personal use with an empty trailer still attached</li>\r\n<li>Running errands after dropping a load but before returning home</li>\r\n</ul>\r\n<h3>Enhanced Coverage Features</h3>\r\n<ol>\r\n<li><strong>Deadhead coverage</strong> — protection while driving without a trailer to pick up a load</li>\r\n<li><strong>Expanded personal use definitions</strong> — clearer coverage for activities between dispatched loads</li>\r\n<li><strong>Higher liability limits</strong> — protection beyond the minimum requirements</li>\r\n</ol>\r\n<p>Pay particular attention to how the policy defines \"under dispatch\" and what specific activities are excluded.</p>\r\n<hr />\r\n<h2>Building Your Comprehensive Insurance Program</h2>\r\n<h3>Strategic Coverage Evaluation</h3>\r\n<p>When reviewing your owner-operator insurance:</p>\r\n<ul>\r\n<li><strong>Policy limits alignment</strong> — ensure coverage limits reflect your actual exposure and asset values</li>\r\n<li><strong>Deductible management</strong> — balance premium costs against your financial ability to absorb losses</li>\r\n<li><strong>Contractual requirements</strong> — verify coverage meets or exceeds carrier/shipper requirements</li>\r\n<li><strong>Coverage coordination</strong> — eliminate gaps between policies while avoiding costly overlaps</li>\r\n</ul>\r\n<hr />\r\n<h2>Conclusion: The 5 Hidden Coverages Summary</h2>\r\n<table>\r\n<thead>\r\n<tr>\r\n<th>#</th>\r\n<th>Coverage</th>\r\n<th>Protection Against</th>\r\n</tr>\r\n</thead>\r\n<tbody>\r\n<tr>\r\n<td>1</td>\r\n<td>Trailer Interchange Insurance</td>\r\n<td>Damage to non-owned trailers you operate</td>\r\n</tr>\r\n<tr>\r\n<td>2</td>\r\n<td>Enhanced Cargo Insurance</td>\r\n<td>Specialized freight losses &amp; broader cargo claims</td>\r\n</tr>\r\n<tr>\r\n<td>3</td>\r\n<td>Rental Reimbursement + Downtime</td>\r\n<td>Lost revenue &amp; replacement vehicle costs</td>\r\n</tr>\r\n<tr>\r\n<td>4</td>\r\n<td>Occupational Accident Insurance</td>\r\n<td>Work-related injuries (fills workers' comp gap)</td>\r\n</tr>\r\n<tr>\r\n<td>5</td>\r\n<td>Non-Trucking Liability Extensions</td>\r\n<td>Comprehensive off-duty &amp; deadhead protection</td>\r\n</tr>\r\n</tbody>\r\n</table>\r\n<p>Your trucking operation deserves protection as specialized and hardworking as you are. Don't wait for a claim to discover gaps in your coverage.</p>\r\n<h2>About Nestway</h2>\r\n<p><strong>Nestway</strong> is a trucking and logistics company focused on eastern routes.</p>\r\n<p><strong>Services:</strong><br />\r\n- <a href=\"https://nestway.net/truck-dispatching-services/\">Dispatching Services</a><br />\r\n- <a href=\"https://nestway.net/trucking-accounting-services/\">Accounting Services</a><br />\r\n- <a href=\"https://nestway.net/trucking-safety-services/\">Safety Services</a><br />\r\n- <a href=\"https://nestway.net/trucking-fleet-management-services/\">Fleet Management</a><br />\r\n- <a href=\"https://nestway.net/trucking-consultants/\">Business Consulting</a></p>\r\n<p><strong>Contact:</strong><br />\r\n- Phone: (215) 770-2630<br />\r\n- Email: info@nestway.net<br />\r\n- Website: <a href=\"https://nestway.net\">nestway.net</a></p>\r\n<p><strong>Social Media:</strong><br />\r\n- <a href=\"https://www.facebook.com/people/Nestway/61576199791719/\">Facebook</a><br />\r\n- <a href=\"https://x.com/Nestwaytrucking\">X / Twitter</a><br />\r\n- <a href=\"https://www.instagram.com/nestwaylc/\">Instagram</a><br />\r\n- <a href=\"https://www.linkedin.com/company/nestway\">LinkedIn</a><br />\r\n- <a href=\"https://t.me/nestwaylc\">Telegram</a></p>\r\n<p><strong>Other Links:</strong><br />\r\n- <a href=\"https://nestway.net/privacy-policy/\">Privacy Policy</a><br />\r\n- <a href=\"https://nestway.net/terms-and-conditions/\">Terms and Conditions</a></p>",
        "category": "article",
        "cover_image": "blog/ChatGPT_Image_May_20_2026_at_04_08_11_PM_1.png",
        "published_at": "2025-06-19T00:00:00Z",
        "is_published": true
    }
},
{
    "model": "core.blogpost",
    "pk": 13,
    "fields": {
        "title": "From 1 Truck to a 10-Fleet Carrier: How David Miller Scaled with Nestway",
        "slug": "from-1-truck-to-a-10-fleet-carrier-how-david-miller-scaled-with-nestway",
        "body": "<p>David Miller started his trucking business as an owner-operator with a single 2018 Freightliner Cascadia. Today, he runs a fleet of 10 trucks across the Eastern United States. In this success story, David shares how Nestway's dedicated dispatch team and high-paying loads made it possible.</p><h2>The Challenge</h2><p>As a single-vehicle owner-operator, David spent nearly as much time searching load boards and chasing brokers for payments as he did driving. Fuel costs were rising, and finding backhauls in tight markets was becoming increasingly difficult.</p><h2>The Nestway Solution</h2><p>After partnering with Nestway, David was assigned a dedicated dispatcher who mapped out continuous regional routes in his preferred lanes. Payments were settled weekly without holdbacks, providing the cash flow needed to acquire a second truck within 3 months.</p><h2>Results</h2><ul><li><strong>Revenue Increase:</strong> 42% average increase in monthly gross yields.</li><li><strong>Fleet Growth:</strong> Scaled from 1 to 10 trucks in under 18 months.</li><li><strong>Better Home Time:</strong> Scheduled home time every single weekend.</li></ul>",
        "category": "success_story",
        "cover_image": "blog/photo_2026-05-16_18_5k2Nyx9.24.17.jpeg",
        "published_at": "2026-05-20T09:16:25Z",
        "is_published": true
    }
},
{
    "model": "core.blogpost",
    "pk": 14,
    "fields": {
        "title": "Elena R. Increases Her Small Fleet's Revenue by 34% in 6 Months",
        "slug": "elena-r-increases-her-small-fleets-revenue-by-34-in-6-months",
        "body": "<p>Elena R., founder of ER Logistics, was struggling to keep her three-truck fleet profitable in a highly volatile spot market. By shifting to Nestway's optimized routing and freight partnership, she transformed her fleet's profitability.</p><h2>The Turnaround</h2><p>Before Nestway, Elena's trucks suffered from high deadhead mileage (averaging 18%). Nestway's routing software and dedicated dispatcher optimized her regional loops, bringing deadhead mileage down to a record-low 4.5%.</p><h2>Results</h2><ul><li><strong>Yield Optimization:</strong> 34% increase in fleet gross revenue.</li><li><strong>Fuel Efficiency:</strong> Deadhead miles slashed by 75%.</li><li><strong>Retention:</strong> Drivers stayed longer due to predictable, structured schedules.</li></ul>",
        "category": "success_story",
        "cover_image": "blog/photo_2026-05-16_18.24.17.jpeg",
        "published_at": "2026-05-20T09:16:25Z",
        "is_published": true
    }
},
{
    "model": "core.contactlead",
    "pk": 1,
    "fields": {
        "name": "Hasanali",
        "email": "hturdaliyev@icloud.com",
        "phone": "+998873580911",
        "message": "I need a truck",
        "created_at": "2026-05-17T09:03:50.979Z",
        "is_read": true
    }
},
{
    "model": "core.contactlead",
    "pk": 2,
    "fields": {
        "name": "Hasanali",
        "email": "hturdaliyev@icloud.com",
        "phone": "+998873580911",
        "message": "Hola!",
        "created_at": "2026-05-17T09:09:53.922Z",
        "is_read": true
    }
},
{
    "model": "core.contactlead",
    "pk": 3,
    "fields": {
        "name": "Hasanali",
        "email": "hturdaliyev@icloud.com",
        "phone": "+998873580911",
        "message": "Hola!",
        "created_at": "2026-05-17T09:10:32.254Z",
        "is_read": true
    }
},
{
    "model": "core.contactlead",
    "pk": 4,
    "fields": {
        "name": "Hasanali",
        "email": "hturdaliyev@icloud.com",
        "phone": "",
        "message": "hola!",
        "created_at": "2026-05-17T09:10:53.510Z",
        "is_read": true
    }
},
{
    "model": "core.contactlead",
    "pk": 5,
    "fields": {
        "name": "Hasanali",
        "email": "Hasanali@gmail.com",
        "phone": "",
        "message": "hola!",
        "created_at": "2026-05-17T09:12:53.058Z",
        "is_read": true
    }
},
{
    "model": "core.contactlead",
    "pk": 6,
    "fields": {
        "name": "Hasanali",
        "email": "ali@gmail.com",
        "phone": "",
        "message": "hola",
        "created_at": "2026-05-17T09:17:21.615Z",
        "is_read": true
    }
},
{
    "model": "core.contactlead",
    "pk": 7,
    "fields": {
        "name": "Hasanali",
        "email": "ali@gmail.com",
        "phone": "",
        "message": "hola",
        "created_at": "2026-05-17T09:18:58.583Z",
        "is_read": true
    }
},
{
    "model": "core.contactlead",
    "pk": 8,
    "fields": {
        "name": "hasanali",
        "email": "ali@gmail.com",
        "phone": "",
        "message": "hello",
        "created_at": "2026-05-20T10:09:43.595Z",
        "is_read": true
    }
},
{
    "model": "core.contactlead",
    "pk": 9,
    "fields": {
        "name": "ali",
        "email": "me@gmail.com",
        "phone": "",
        "message": "helo",
        "created_at": "2026-05-21T09:14:02.969Z",
        "is_read": true
    }
},
{
    "model": "core.notificationemail",
    "pk": 1,
    "fields": {
        "label": "Sales Team",
        "email": "turdaliyevhasanali60@gmail.com",
        "is_active": true,
        "created_at": "2026-05-17T09:02:55.642Z"
    }
},
{
    "model": "core.notificationemail",
    "pk": 2,
    "fields": {
        "label": "Support Mailbox",
        "email": "Turdaliyevhasanali09@gmail.com",
        "is_active": false,
        "created_at": "2026-05-17T09:03:11.370Z"
    }
},
{
    "model": "core.aboutpage",
    "pk": 1,
    "fields": {
        "hero_title": "About Nestway",
        "hero_subtitle": "We are a trusted trucking dispatching company dedicated to helping owner-operators and small fleets thrive.",
        "mission_title": "Our Mission",
        "mission_body": "To empower truck drivers and fleet owners with reliable dispatching, transparent pay, and the freedom to be home more often.",
        "vision_title": "Our Vision",
        "vision_body": "A logistics industry where every driver is treated as a partner, not a number.",
        "values_title": "Our Values",
        "values_body": "Integrity, Transparency, Partnership, Excellence.",
        "ceo_name": "Khamidjon Odilov",
        "ceo_title": "Founder & CEO",
        "ceo_bio": "With years of hands-on experience in the US trucking market, Khamidjon founded Nestway to bring transparency and partnership to an industry that needed it most.",
        "ceo_image": "",
        "team_image": "about/Nestway-Team.webp",
        "team_section_title": "Meet Our Team",
        "team_section_body": "A dedicated group of dispatching professionals committed to your success on the road.",
        "stat_1_number": "500+",
        "stat_1_label": "Owner-Operators Served",
        "stat_2_number": "35%",
        "stat_2_label": "Avg. Deadhead Mile Reduction",
        "stat_3_number": "98%",
        "stat_3_label": "On-Time Delivery Rate",
        "stat_4_number": "7+",
        "stat_4_label": "Years of Experience"
    }
},
{
    "model": "core.testimonial",
    "pk": 1,
    "fields": {
        "quote": "Man, I used to sit around truck stops for days waiting on a decent load. Since switching to Nestway, my dispatcher actually listens. If I tell them I want to run hard, they keep the miles coming.",
        "author_name": "Marcus T.",
        "author_subtitle": "3 years with Nestway",
        "initials": "MT",
        "order": 0,
        "is_active": true
    }
},
{
    "model": "core.testimonial",
    "pk": 2,
    "fields": {
        "quote": "A lot of companies promise you the world and then short your paycheck. With these guys, the settlements are clean, no hidden fees, and the money is in my account every single Friday. Period.",
        "author_name": "Dave R.",
        "author_subtitle": "1.5 years with Nestway",
        "initials": "DR",
        "order": 1,
        "is_active": true
    }
},
{
    "model": "core.testimonial",
    "pk": 3,
    "fields": {
        "quote": "The best part is they don't force dispatch. If a lane doesn't make sense for my bottom line, I say no and we move on to the next one. They treat me like a business partner, not a steering wheel holder.",
        "author_name": "Jason K.",
        "author_subtitle": "4 years with Nestway",
        "initials": "JK",
        "order": 2,
        "is_active": true
    }
},
{
    "model": "core.faq",
    "pk": 1,
    "fields": {
        "question": "What routes are available?",
        "answer": "We operate nationwide across all 48 contiguous states with consistent OTR freight and optimized load planning. Our network is built for long-haul efficiency and high-volume lanes.",
        "order": 0,
        "is_active": true
    }
},
{
    "model": "core.faq",
    "pk": 2,
    "fields": {
        "question": "How often do I get home?",
        "answer": "Home time depends on your preferred schedule, freight availability, and how long you choose to stay out. Drivers who stay on the road longer typically maximize weekly earnings and load opportunities.",
        "order": 1,
        "is_active": true
    }
},
{
    "model": "core.faq",
    "pk": 3,
    "fields": {
        "question": "What does the pay package look like?",
        "answer": "$0.65–$0.72/mile with an average of $0.68 CPM. Transparent, weekly direct deposit. Zero holdbacks.",
        "order": 2,
        "is_active": true
    }
},
{
    "model": "core.faq",
    "pk": 4,
    "fields": {
        "question": "What's the truck age and condition?",
        "answer": "Our fleet averages 2.3 years old. All trucks are 2021 or newer — maintained, clean, and ready to roll.",
        "order": 3,
        "is_active": true
    }
},
{
    "model": "core.faq",
    "pk": 5,
    "fields": {
        "question": "How do I apply and how long does it take?",
        "answer": "3 minutes online. We review within 24 hours and will call you directly to walk through next steps.",
        "order": 4,
        "is_active": true
    }
},
{
    "model": "core.faq",
    "pk": 6,
    "fields": {
        "question": "How many miles can drivers expect weekly?",
        "answer": "Most OTR drivers average 2,500–3,200 miles per week depending on lanes and time out. Drivers who prioritize staying loaded consistently hit the higher end of that range.",
        "order": 5,
        "is_active": true
    }
},
{
    "model": "core.faq",
    "pk": 7,
    "fields": {
        "question": "Is there forced dispatch?",
        "answer": "No forced dispatch. Our dispatchers work with you to find loads that fit your direction and timing. The goal is to keep you moving efficiently, not to push loads that don't make sense for your operation.",
        "order": 6,
        "is_active": true
    }
},
{
    "model": "core.faq",
    "pk": 8,
    "fields": {
        "question": "How quickly are drivers reloaded?",
        "answer": "Our dispatch team actively pre-plans the next load before you deliver. Most drivers are reloaded same-day or within a few hours of dropping. Minimizing dead time is a core part of how we operate.",
        "order": 7,
        "is_active": true
    }
},
{
    "model": "core.faq",
    "pk": 9,
    "fields": {
        "question": "How does dispatch support drivers?",
        "answer": "You have a dedicated dispatcher who knows your lanes and preferences. They handle load planning, check calls, and are reachable when you need support on the road. Communication is direct, not through a call center.",
        "order": 8,
        "is_active": true
    }
},
{
    "model": "admin.logentry",
    "pk": 1,
    "fields": {
        "action_time": "2026-05-14T13:46:50.739Z",
        "user": [
            "hasanali"
        ],
        "content_type": [
            "core",
            "sitesettings"
        ],
        "object_id": "1",
        "object_repr": "Site Settings",
        "action_flag": 2,
        "change_message": "[{\"changed\": {\"fields\": [\"Address\"]}}]"
    }
},
{
    "model": "admin.logentry",
    "pk": 2,
    "fields": {
        "action_time": "2026-05-14T13:58:33.362Z",
        "user": [
            "hasanali"
        ],
        "content_type": [
            "auth",
            "user"
        ],
        "object_id": "1",
        "object_repr": "admin",
        "action_flag": 3,
        "change_message": ""
    }
},
{
    "model": "admin.logentry",
    "pk": 3,
    "fields": {
        "action_time": "2026-05-14T13:59:29.514Z",
        "user": [
            "hasanali"
        ],
        "content_type": [
            "core",
            "service"
        ],
        "object_id": "1",
        "object_repr": "Truck Dispatching",
        "action_flag": 3,
        "change_message": ""
    }
},
{
    "model": "admin.logentry",
    "pk": 4,
    "fields": {
        "action_time": "2026-05-14T13:59:29.514Z",
        "user": [
            "hasanali"
        ],
        "content_type": [
            "core",
            "service"
        ],
        "object_id": "2",
        "object_repr": "Amazon Relay Loads",
        "action_flag": 3,
        "change_message": ""
    }
},
{
    "model": "admin.logentry",
    "pk": 5,
    "fields": {
        "action_time": "2026-05-14T13:59:29.514Z",
        "user": [
            "hasanali"
        ],
        "content_type": [
            "core",
            "service"
        ],
        "object_id": "3",
        "object_repr": "Trucking Accounting",
        "action_flag": 3,
        "change_message": ""
    }
},
{
    "model": "admin.logentry",
    "pk": 6,
    "fields": {
        "action_time": "2026-05-14T13:59:29.514Z",
        "user": [
            "hasanali"
        ],
        "content_type": [
            "core",
            "service"
        ],
        "object_id": "4",
        "object_repr": "Fleet Optimization",
        "action_flag": 3,
        "change_message": ""
    }
},
{
    "model": "admin.logentry",
    "pk": 7,
    "fields": {
        "action_time": "2026-05-14T14:05:13.440Z",
        "user": [
            "hasanali"
        ],
        "content_type": [
            "core",
            "service"
        ],
        "object_id": "5",
        "object_repr": "Dispatching Services",
        "action_flag": 1,
        "change_message": "[{\"added\": {}}]"
    }
},
{
    "model": "admin.logentry",
    "pk": 8,
    "fields": {
        "action_time": "2026-05-14T14:07:40.129Z",
        "user": [
            "hasanali"
        ],
        "content_type": [
            "core",
            "service"
        ],
        "object_id": "6",
        "object_repr": "Accounting Services",
        "action_flag": 1,
        "change_message": "[{\"added\": {}}]"
    }
},
{
    "model": "admin.logentry",
    "pk": 9,
    "fields": {
        "action_time": "2026-05-14T14:10:34.065Z",
        "user": [
            "hasanali"
        ],
        "content_type": [
            "core",
            "service"
        ],
        "object_id": "7",
        "object_repr": "Safety services",
        "action_flag": 1,
        "change_message": "[{\"added\": {}}]"
    }
},
{
    "model": "admin.logentry",
    "pk": 10,
    "fields": {
        "action_time": "2026-05-14T14:13:59.523Z",
        "user": [
            "hasanali"
        ],
        "content_type": [
            "core",
            "service"
        ],
        "object_id": "8",
        "object_repr": "Fleet Management",
        "action_flag": 1,
        "change_message": "[{\"added\": {}}]"
    }
},
{
    "model": "admin.logentry",
    "pk": 11,
    "fields": {
        "action_time": "2026-05-14T14:16:06.326Z",
        "user": [
            "hasanali"
        ],
        "content_type": [
            "core",
            "service"
        ],
        "object_id": "9",
        "object_repr": "Business Consulting",
        "action_flag": 1,
        "change_message": "[{\"added\": {}}]"
    }
},
{
    "model": "admin.logentry",
    "pk": 12,
    "fields": {
        "action_time": "2026-05-14T14:22:39.259Z",
        "user": [
            "hasanali"
        ],
        "content_type": [
            "core",
            "service"
        ],
        "object_id": "5",
        "object_repr": "Dispatching Services",
        "action_flag": 2,
        "change_message": "[{\"changed\": {\"fields\": [\"Image\"]}}]"
    }
},
{
    "model": "admin.logentry",
    "pk": 13,
    "fields": {
        "action_time": "2026-05-14T14:22:51.398Z",
        "user": [
            "hasanali"
        ],
        "content_type": [
            "core",
            "service"
        ],
        "object_id": "6",
        "object_repr": "Accounting Services",
        "action_flag": 2,
        "change_message": "[{\"changed\": {\"fields\": [\"Image\"]}}]"
    }
},
{
    "model": "admin.logentry",
    "pk": 14,
    "fields": {
        "action_time": "2026-05-14T14:23:03.813Z",
        "user": [
            "hasanali"
        ],
        "content_type": [
            "core",
            "service"
        ],
        "object_id": "7",
        "object_repr": "Safety services",
        "action_flag": 2,
        "change_message": "[{\"changed\": {\"fields\": [\"Image\"]}}]"
    }
},
{
    "model": "admin.logentry",
    "pk": 15,
    "fields": {
        "action_time": "2026-05-14T14:23:13.200Z",
        "user": [
            "hasanali"
        ],
        "content_type": [
            "core",
            "service"
        ],
        "object_id": "8",
        "object_repr": "Fleet Management",
        "action_flag": 2,
        "change_message": "[{\"changed\": {\"fields\": [\"Image\"]}}]"
    }
},
{
    "model": "admin.logentry",
    "pk": 16,
    "fields": {
        "action_time": "2026-05-14T14:23:19.137Z",
        "user": [
            "hasanali"
        ],
        "content_type": [
            "core",
            "service"
        ],
        "object_id": "9",
        "object_repr": "Business Consulting",
        "action_flag": 2,
        "change_message": "[{\"changed\": {\"fields\": [\"Image\"]}}]"
    }
},
{
    "model": "admin.logentry",
    "pk": 17,
    "fields": {
        "action_time": "2026-05-17T09:02:55.642Z",
        "user": [
            "hasanali"
        ],
        "content_type": [
            "core",
            "notificationemail"
        ],
        "object_id": "1",
        "object_repr": "Sales Team <Turdaliyevhasanali60@gmail.com>",
        "action_flag": 1,
        "change_message": "[{\"added\": {}}]"
    }
},
{
    "model": "admin.logentry",
    "pk": 18,
    "fields": {
        "action_time": "2026-05-17T09:03:11.371Z",
        "user": [
            "hasanali"
        ],
        "content_type": [
            "core",
            "notificationemail"
        ],
        "object_id": "2",
        "object_repr": "Support Mailbox <Turdaliyevhasanali09@gmail.com>",
        "action_flag": 1,
        "change_message": "[{\"added\": {}}]"
    }
},
{
    "model": "admin.logentry",
    "pk": 19,
    "fields": {
        "action_time": "2026-05-20T09:27:49.531Z",
        "user": [
            "hasanali"
        ],
        "content_type": [
            "core",
            "blogpost"
        ],
        "object_id": "7",
        "object_repr": "Trucking & Logistics: 8 Strategies for Seamless Integration",
        "action_flag": 2,
        "change_message": "[{\"changed\": {\"fields\": [\"Body\", \"Cover image\"]}}]"
    }
},
{
    "model": "admin.logentry",
    "pk": 20,
    "fields": {
        "action_time": "2026-05-20T09:28:53.615Z",
        "user": [
            "hasanali"
        ],
        "content_type": [
            "core",
            "blogpost"
        ],
        "object_id": "14",
        "object_repr": "Elena R. Increases Her Small Fleet's Revenue by 34% in 6 Months",
        "action_flag": 2,
        "change_message": "[{\"changed\": {\"fields\": [\"Cover image\"]}}]"
    }
},
{
    "model": "admin.logentry",
    "pk": 21,
    "fields": {
        "action_time": "2026-05-20T11:09:25.791Z",
        "user": [
            "hasanali"
        ],
        "content_type": [
            "core",
            "blogpost"
        ],
        "object_id": "7",
        "object_repr": "Trucking & Logistics: 8 Strategies for Seamless Integration",
        "action_flag": 2,
        "change_message": "[{\"changed\": {\"fields\": [\"Cover image\"]}}]"
    }
},
{
    "model": "admin.logentry",
    "pk": 22,
    "fields": {
        "action_time": "2026-05-20T11:09:57.658Z",
        "user": [
            "hasanali"
        ],
        "content_type": [
            "core",
            "blogpost"
        ],
        "object_id": "8",
        "object_repr": "Freight Truck Services: 6 Ways to Boost Your Bottom Line",
        "action_flag": 2,
        "change_message": "[{\"changed\": {\"fields\": [\"Body\", \"Cover image\"]}}]"
    }
},
{
    "model": "admin.logentry",
    "pk": 23,
    "fields": {
        "action_time": "2026-05-20T11:10:28.134Z",
        "user": [
            "hasanali"
        ],
        "content_type": [
            "core",
            "blogpost"
        ],
        "object_id": "9",
        "object_repr": "Fleet Optimization Blueprint: 4 Steps to Massive Savings",
        "action_flag": 2,
        "change_message": "[{\"changed\": {\"fields\": [\"Body\", \"Cover image\"]}}]"
    }
},
{
    "model": "admin.logentry",
    "pk": 24,
    "fields": {
        "action_time": "2026-05-20T11:10:49.927Z",
        "user": [
            "hasanali"
        ],
        "content_type": [
            "core",
            "blogpost"
        ],
        "object_id": "10",
        "object_repr": "10 Must-Have Features in Transportation Logistics Software",
        "action_flag": 2,
        "change_message": "[{\"changed\": {\"fields\": [\"Body\", \"Cover image\"]}}]"
    }
},
{
    "model": "admin.logentry",
    "pk": 25,
    "fields": {
        "action_time": "2026-05-20T11:11:07.076Z",
        "user": [
            "hasanali"
        ],
        "content_type": [
            "core",
            "blogpost"
        ],
        "object_id": "11",
        "object_repr": "Trucking Route Optimization: 5 Tools to Slash Miles by 20%",
        "action_flag": 2,
        "change_message": "[{\"changed\": {\"fields\": [\"Body\", \"Cover image\"]}}]"
    }
},
{
    "model": "admin.logentry",
    "pk": 26,
    "fields": {
        "action_time": "2026-05-20T11:11:32.343Z",
        "user": [
            "hasanali"
        ],
        "content_type": [
            "core",
            "blogpost"
        ],
        "object_id": "11",
        "object_repr": "Trucking Route Optimization: 5 Tools to Slash Miles by 20%",
        "action_flag": 2,
        "change_message": "[{\"changed\": {\"fields\": [\"Cover image\"]}}]"
    }
},
{
    "model": "admin.logentry",
    "pk": 27,
    "fields": {
        "action_time": "2026-05-20T11:11:51.991Z",
        "user": [
            "hasanali"
        ],
        "content_type": [
            "core",
            "blogpost"
        ],
        "object_id": "12",
        "object_repr": "Owner-Operator Insurance: 5 Hidden Coverages You Need",
        "action_flag": 2,
        "change_message": "[{\"changed\": {\"fields\": [\"Body\", \"Cover image\"]}}]"
    }
},
{
    "model": "admin.logentry",
    "pk": 28,
    "fields": {
        "action_time": "2026-05-20T11:39:49.475Z",
        "user": [
            "hasanali"
        ],
        "content_type": [
            "core",
            "blogpost"
        ],
        "object_id": "13",
        "object_repr": "From 1 Truck to a 10-Fleet Carrier: How David Miller Scaled with Nestway",
        "action_flag": 2,
        "change_message": "[{\"changed\": {\"fields\": [\"Cover image\"]}}]"
    }
},
{
    "model": "admin.logentry",
    "pk": 29,
    "fields": {
        "action_time": "2026-05-20T12:23:11.460Z",
        "user": [
            "hasanali"
        ],
        "content_type": [
            "core",
            "service"
        ],
        "object_id": "5",
        "object_repr": "Dispatching Services",
        "action_flag": 2,
        "change_message": "[{\"changed\": {\"fields\": [\"Image\"]}}]"
    }
},
{
    "model": "admin.logentry",
    "pk": 30,
    "fields": {
        "action_time": "2026-05-20T12:23:32.918Z",
        "user": [
            "hasanali"
        ],
        "content_type": [
            "core",
            "service"
        ],
        "object_id": "6",
        "object_repr": "Accounting Services",
        "action_flag": 2,
        "change_message": "[{\"changed\": {\"fields\": [\"Image\"]}}]"
    }
},
{
    "model": "admin.logentry",
    "pk": 31,
    "fields": {
        "action_time": "2026-05-20T12:23:51.248Z",
        "user": [
            "hasanali"
        ],
        "content_type": [
            "core",
            "service"
        ],
        "object_id": "7",
        "object_repr": "Safety services",
        "action_flag": 2,
        "change_message": "[{\"changed\": {\"fields\": [\"Image\"]}}]"
    }
},
{
    "model": "admin.logentry",
    "pk": 32,
    "fields": {
        "action_time": "2026-05-20T12:24:04.899Z",
        "user": [
            "hasanali"
        ],
        "content_type": [
            "core",
            "service"
        ],
        "object_id": "8",
        "object_repr": "Fleet Management",
        "action_flag": 2,
        "change_message": "[{\"changed\": {\"fields\": [\"Image\"]}}]"
    }
},
{
    "model": "admin.logentry",
    "pk": 33,
    "fields": {
        "action_time": "2026-05-20T12:24:19.727Z",
        "user": [
            "hasanali"
        ],
        "content_type": [
            "core",
            "service"
        ],
        "object_id": "9",
        "object_repr": "Business Consulting",
        "action_flag": 2,
        "change_message": "[{\"changed\": {\"fields\": [\"Image\"]}}]"
    }
},
{
    "model": "admin.logentry",
    "pk": 34,
    "fields": {
        "action_time": "2026-05-21T08:56:48.375Z",
        "user": [
            "hasanali"
        ],
        "content_type": [
            "core",
            "aboutphoto"
        ],
        "object_id": "1",
        "object_repr": "Photo #1",
        "action_flag": 1,
        "change_message": "[{\"added\": {}}]"
    }
},
{
    "model": "admin.logentry",
    "pk": 35,
    "fields": {
        "action_time": "2026-05-21T08:57:02.867Z",
        "user": [
            "hasanali"
        ],
        "content_type": [
            "core",
            "aboutphoto"
        ],
        "object_id": "1",
        "object_repr": "Photo #1",
        "action_flag": 2,
        "change_message": "[{\"changed\": {\"fields\": [\"Order\"]}}]"
    }
},
{
    "model": "admin.logentry",
    "pk": 36,
    "fields": {
        "action_time": "2026-05-21T08:57:19.871Z",
        "user": [
            "hasanali"
        ],
        "content_type": [
            "core",
            "aboutphoto"
        ],
        "object_id": "1",
        "object_repr": "Photo #1",
        "action_flag": 3,
        "change_message": ""
    }
},
{
    "model": "admin.logentry",
    "pk": 37,
    "fields": {
        "action_time": "2026-05-21T09:02:43.422Z",
        "user": [
            "hasanali"
        ],
        "content_type": [
            "core",
            "aboutpage"
        ],
        "object_id": "1",
        "object_repr": "About Page",
        "action_flag": 2,
        "change_message": "[{\"changed\": {\"fields\": [\"Team image\"]}}]"
    }
},
{
    "model": "admin.logentry",
    "pk": 38,
    "fields": {
        "action_time": "2026-05-21T09:02:52.056Z",
        "user": [
            "hasanali"
        ],
        "content_type": [
            "core",
            "aboutpage"
        ],
        "object_id": "1",
        "object_repr": "About Page",
        "action_flag": 2,
        "change_message": "[]"
    }
},
{
    "model": "admin.logentry",
    "pk": 39,
    "fields": {
        "action_time": "2026-05-21T09:02:52.463Z",
        "user": [
            "hasanali"
        ],
        "content_type": [
            "core",
            "aboutpage"
        ],
        "object_id": "1",
        "object_repr": "About Page",
        "action_flag": 2,
        "change_message": "[]"
    }
},
{
    "model": "admin.logentry",
    "pk": 40,
    "fields": {
        "action_time": "2026-05-21T09:02:52.718Z",
        "user": [
            "hasanali"
        ],
        "content_type": [
            "core",
            "aboutpage"
        ],
        "object_id": "1",
        "object_repr": "About Page",
        "action_flag": 2,
        "change_message": "[]"
    }
},
{
    "model": "admin.logentry",
    "pk": 41,
    "fields": {
        "action_time": "2026-05-21T09:02:52.938Z",
        "user": [
            "hasanali"
        ],
        "content_type": [
            "core",
            "aboutpage"
        ],
        "object_id": "1",
        "object_repr": "About Page",
        "action_flag": 2,
        "change_message": "[]"
    }
},
{
    "model": "admin.logentry",
    "pk": 42,
    "fields": {
        "action_time": "2026-05-21T09:03:27.937Z",
        "user": [
            "hasanali"
        ],
        "content_type": [
            "core",
            "aboutpage"
        ],
        "object_id": "1",
        "object_repr": "About Page",
        "action_flag": 2,
        "change_message": "[{\"added\": {\"name\": \"About Photo\", \"object\": \"Photo #2\"}}]"
    }
},
{
    "model": "admin.logentry",
    "pk": 43,
    "fields": {
        "action_time": "2026-05-21T09:05:40.806Z",
        "user": [
            "hasanali"
        ],
        "content_type": [
            "core",
            "aboutpage"
        ],
        "object_id": "1",
        "object_repr": "About Page",
        "action_flag": 2,
        "change_message": "[{\"changed\": {\"fields\": [\"Team image\"]}}]"
    }
},
{
    "model": "admin.logentry",
    "pk": 44,
    "fields": {
        "action_time": "2026-05-21T09:07:52.343Z",
        "user": [
            "hasanali"
        ],
        "content_type": [
            "core",
            "aboutpage"
        ],
        "object_id": "1",
        "object_repr": "About Page",
        "action_flag": 2,
        "change_message": "[{\"changed\": {\"fields\": [\"Team image\"]}}]"
    }
},
{
    "model": "admin.logentry",
    "pk": 45,
    "fields": {
        "action_time": "2026-05-21T09:08:54.834Z",
        "user": [
            "hasanali"
        ],
        "content_type": [
            "core",
            "aboutpage"
        ],
        "object_id": "1",
        "object_repr": "About Page",
        "action_flag": 2,
        "change_message": "[{\"changed\": {\"fields\": [\"Team image\"]}}]"
    }
},
{
    "model": "admin.logentry",
    "pk": 46,
    "fields": {
        "action_time": "2026-05-21T09:29:47.144Z",
        "user": [
            "hasanali"
        ],
        "content_type": [
            "core",
            "contactlead"
        ],
        "object_id": "9",
        "object_repr": "ali - me@gmail.com",
        "action_flag": 2,
        "change_message": "[{\"changed\": {\"fields\": [\"Is read\"]}}]"
    }
},
{
    "model": "admin.logentry",
    "pk": 47,
    "fields": {
        "action_time": "2026-05-21T09:29:47.146Z",
        "user": [
            "hasanali"
        ],
        "content_type": [
            "core",
            "contactlead"
        ],
        "object_id": "8",
        "object_repr": "hasanali - ali@gmail.com",
        "action_flag": 2,
        "change_message": "[{\"changed\": {\"fields\": [\"Is read\"]}}]"
    }
},
{
    "model": "admin.logentry",
    "pk": 48,
    "fields": {
        "action_time": "2026-05-21T09:32:47.186Z",
        "user": [
            "hasanali"
        ],
        "content_type": [
            "core",
            "contactlead"
        ],
        "object_id": "7",
        "object_repr": "Hasanali - ali@gmail.com",
        "action_flag": 2,
        "change_message": "[{\"changed\": {\"fields\": [\"Is read\"]}}]"
    }
},
{
    "model": "admin.logentry",
    "pk": 49,
    "fields": {
        "action_time": "2026-05-21T09:32:47.188Z",
        "user": [
            "hasanali"
        ],
        "content_type": [
            "core",
            "contactlead"
        ],
        "object_id": "6",
        "object_repr": "Hasanali - ali@gmail.com",
        "action_flag": 2,
        "change_message": "[{\"changed\": {\"fields\": [\"Is read\"]}}]"
    }
},
{
    "model": "admin.logentry",
    "pk": 50,
    "fields": {
        "action_time": "2026-05-21T09:33:01.918Z",
        "user": [
            "hasanali"
        ],
        "content_type": [
            "core",
            "contactlead"
        ],
        "object_id": "9",
        "object_repr": "ali - me@gmail.com",
        "action_flag": 2,
        "change_message": "[{\"changed\": {\"fields\": [\"Is read\"]}}]"
    }
},
{
    "model": "admin.logentry",
    "pk": 51,
    "fields": {
        "action_time": "2026-05-21T09:33:01.919Z",
        "user": [
            "hasanali"
        ],
        "content_type": [
            "core",
            "contactlead"
        ],
        "object_id": "8",
        "object_repr": "hasanali - ali@gmail.com",
        "action_flag": 2,
        "change_message": "[{\"changed\": {\"fields\": [\"Is read\"]}}]"
    }
},
{
    "model": "admin.logentry",
    "pk": 52,
    "fields": {
        "action_time": "2026-05-21T09:33:01.919Z",
        "user": [
            "hasanali"
        ],
        "content_type": [
            "core",
            "contactlead"
        ],
        "object_id": "7",
        "object_repr": "Hasanali - ali@gmail.com",
        "action_flag": 2,
        "change_message": "[{\"changed\": {\"fields\": [\"Is read\"]}}]"
    }
},
{
    "model": "admin.logentry",
    "pk": 53,
    "fields": {
        "action_time": "2026-05-21T09:33:01.919Z",
        "user": [
            "hasanali"
        ],
        "content_type": [
            "core",
            "contactlead"
        ],
        "object_id": "6",
        "object_repr": "Hasanali - ali@gmail.com",
        "action_flag": 2,
        "change_message": "[{\"changed\": {\"fields\": [\"Is read\"]}}]"
    }
},
{
    "model": "admin.logentry",
    "pk": 54,
    "fields": {
        "action_time": "2026-05-21T09:33:25.179Z",
        "user": [
            "hasanali"
        ],
        "content_type": [
            "core",
            "contactlead"
        ],
        "object_id": "6",
        "object_repr": "Hasanali - ali@gmail.com",
        "action_flag": 2,
        "change_message": "[{\"changed\": {\"fields\": [\"Is read\"]}}]"
    }
},
{
    "model": "admin.logentry",
    "pk": 55,
    "fields": {
        "action_time": "2026-05-21T09:33:25.180Z",
        "user": [
            "hasanali"
        ],
        "content_type": [
            "core",
            "contactlead"
        ],
        "object_id": "5",
        "object_repr": "Hasanali - Hasanali@gmail.com",
        "action_flag": 2,
        "change_message": "[{\"changed\": {\"fields\": [\"Is read\"]}}]"
    }
},
{
    "model": "admin.logentry",
    "pk": 56,
    "fields": {
        "action_time": "2026-05-21T09:40:21.334Z",
        "user": [
            "hasanali"
        ],
        "content_type": [
            "core",
            "contactlead"
        ],
        "object_id": "9",
        "object_repr": "ali - me@gmail.com",
        "action_flag": 2,
        "change_message": "[{\"changed\": {\"fields\": [\"Is read\"]}}]"
    }
},
{
    "model": "admin.logentry",
    "pk": 57,
    "fields": {
        "action_time": "2026-05-21T09:40:21.335Z",
        "user": [
            "hasanali"
        ],
        "content_type": [
            "core",
            "contactlead"
        ],
        "object_id": "8",
        "object_repr": "hasanali - ali@gmail.com",
        "action_flag": 2,
        "change_message": "[{\"changed\": {\"fields\": [\"Is read\"]}}]"
    }
},
{
    "model": "admin.logentry",
    "pk": 58,
    "fields": {
        "action_time": "2026-05-21T09:40:21.335Z",
        "user": [
            "hasanali"
        ],
        "content_type": [
            "core",
            "contactlead"
        ],
        "object_id": "7",
        "object_repr": "Hasanali - ali@gmail.com",
        "action_flag": 2,
        "change_message": "[{\"changed\": {\"fields\": [\"Is read\"]}}]"
    }
},
{
    "model": "admin.logentry",
    "pk": 59,
    "fields": {
        "action_time": "2026-05-21T09:40:21.336Z",
        "user": [
            "hasanali"
        ],
        "content_type": [
            "core",
            "contactlead"
        ],
        "object_id": "4",
        "object_repr": "Hasanali - hturdaliyev@icloud.com",
        "action_flag": 2,
        "change_message": "[{\"changed\": {\"fields\": [\"Is read\"]}}]"
    }
},
{
    "model": "admin.logentry",
    "pk": 60,
    "fields": {
        "action_time": "2026-05-21T09:40:21.336Z",
        "user": [
            "hasanali"
        ],
        "content_type": [
            "core",
            "contactlead"
        ],
        "object_id": "3",
        "object_repr": "Hasanali - hturdaliyev@icloud.com",
        "action_flag": 2,
        "change_message": "[{\"changed\": {\"fields\": [\"Is read\"]}}]"
    }
},
{
    "model": "admin.logentry",
    "pk": 61,
    "fields": {
        "action_time": "2026-05-21T09:40:21.337Z",
        "user": [
            "hasanali"
        ],
        "content_type": [
            "core",
            "contactlead"
        ],
        "object_id": "2",
        "object_repr": "Hasanali - hturdaliyev@icloud.com",
        "action_flag": 2,
        "change_message": "[{\"changed\": {\"fields\": [\"Is read\"]}}]"
    }
},
{
    "model": "admin.logentry",
    "pk": 62,
    "fields": {
        "action_time": "2026-05-21T09:40:21.337Z",
        "user": [
            "hasanali"
        ],
        "content_type": [
            "core",
            "contactlead"
        ],
        "object_id": "1",
        "object_repr": "Hasanali - hturdaliyev@icloud.com",
        "action_flag": 2,
        "change_message": "[{\"changed\": {\"fields\": [\"Is read\"]}}]"
    }
},
{
    "model": "admin.logentry",
    "pk": 63,
    "fields": {
        "action_time": "2026-05-21T09:43:20.602Z",
        "user": [
            "hasanali"
        ],
        "content_type": [
            "core",
            "contactlead"
        ],
        "object_id": "9",
        "object_repr": "ali - me@gmail.com",
        "action_flag": 2,
        "change_message": "[{\"changed\": {\"fields\": [\"Is read\"]}}]"
    }
},
{
    "model": "admin.logentry",
    "pk": 64,
    "fields": {
        "action_time": "2026-05-21T09:43:20.605Z",
        "user": [
            "hasanali"
        ],
        "content_type": [
            "core",
            "contactlead"
        ],
        "object_id": "8",
        "object_repr": "hasanali - ali@gmail.com",
        "action_flag": 2,
        "change_message": "[{\"changed\": {\"fields\": [\"Is read\"]}}]"
    }
},
{
    "model": "admin.logentry",
    "pk": 65,
    "fields": {
        "action_time": "2026-05-21T09:43:20.605Z",
        "user": [
            "hasanali"
        ],
        "content_type": [
            "core",
            "contactlead"
        ],
        "object_id": "7",
        "object_repr": "Hasanali - ali@gmail.com",
        "action_flag": 2,
        "change_message": "[{\"changed\": {\"fields\": [\"Is read\"]}}]"
    }
},
{
    "model": "admin.logentry",
    "pk": 66,
    "fields": {
        "action_time": "2026-05-21T09:43:24.986Z",
        "user": [
            "hasanali"
        ],
        "content_type": [
            "core",
            "contactlead"
        ],
        "object_id": "9",
        "object_repr": "ali - me@gmail.com",
        "action_flag": 2,
        "change_message": "[{\"changed\": {\"fields\": [\"Is read\"]}}]"
    }
},
{
    "model": "admin.logentry",
    "pk": 67,
    "fields": {
        "action_time": "2026-05-21T09:43:24.987Z",
        "user": [
            "hasanali"
        ],
        "content_type": [
            "core",
            "contactlead"
        ],
        "object_id": "8",
        "object_repr": "hasanali - ali@gmail.com",
        "action_flag": 2,
        "change_message": "[{\"changed\": {\"fields\": [\"Is read\"]}}]"
    }
},
{
    "model": "admin.logentry",
    "pk": 68,
    "fields": {
        "action_time": "2026-05-21T09:43:24.988Z",
        "user": [
            "hasanali"
        ],
        "content_type": [
            "core",
            "contactlead"
        ],
        "object_id": "7",
        "object_repr": "Hasanali - ali@gmail.com",
        "action_flag": 2,
        "change_message": "[{\"changed\": {\"fields\": [\"Is read\"]}}]"
    }
}
]
